区域,板块,预售许可证号,项目名称,开发企业,可售套数,已售套数
慈溪市,坎墩街道,2012017,御景苑8号楼,慈溪市宏宇房地产开发有限公司,8,0
慈溪市,坎墩街道,2012017,御景苑7号楼,慈溪市宏宇房地产开发有限公司,8,0
慈溪市,坎墩街道,2012017,御景苑4号楼,慈溪市宏宇房地产开发有限公司,6,0
慈溪市,坎墩街道,2012017,御景苑地下室,慈溪市宏宇房地产开发有限公司,239,5
慈溪市,坎墩街道,2012017,御景苑10号楼,慈溪市宏宇房地产开发有限公司,32,0
慈溪市,坎墩街道,2012017,御景苑9号楼,慈溪市宏宇房地产开发有限公司,32,1
慈溪市,坎墩街道,2012017,御景苑6号楼,慈溪市宏宇房地产开发有限公司,6,0
慈溪市,坎墩街道,2012017,御景苑5号楼,慈溪市宏宇房地产开发有限公司,6,1
慈溪市,坎墩街道,2012017,御景苑3号楼,慈溪市宏宇房地产开发有限公司,6,0
慈溪市,坎墩街道,2012017,御景苑2号楼,慈溪市宏宇房地产开发有限公司,2,0
慈溪市,坎墩街道,2012017,御景苑1号楼,慈溪市宏宇房地产开发有限公司,2,0
慈溪市,龙山镇,2012302,龙湾府小区2号配电房,慈溪龙升维科置业有限公司,0,0
慈溪市,龙山镇,2012302,龙湾府小区1号配电房,慈溪龙升维科置业有限公司,0,0
慈溪市,龙山镇,2012302,龙湾府小区门卫,慈溪龙升维科置业有限公司,0,0
慈溪市,龙山镇,2012302,龙湾府小区地下室,慈溪龙升维科置业有限公司,341,0
慈溪市,龙山镇,2012302,龙湾府小区9号楼,慈溪龙升维科置业有限公司,15,0
慈溪市,龙山镇,2012302,龙湾府小区8号楼,慈溪龙升维科置业有限公司,68,0
慈溪市,龙山镇,2012302,龙湾府小区7号楼,慈溪龙升维科置业有限公司,20,0
慈溪市,龙山镇,2012302,龙湾府小区6号楼,慈溪龙升维科置业有限公司,64,0
慈溪市,龙山镇,2012302,龙湾府小区5号楼,慈溪龙升维科置业有限公司,136,2
慈溪市,龙山镇,2012302,龙湾府小区4号楼,慈溪龙升维科置业有限公司,136,0
慈溪市,龙山镇,2012302,龙湾府小区3号楼,慈溪龙升维科置业有限公司,68,0
慈溪市,龙山镇,2012302,龙湾府小区2号楼,慈溪龙升维科置业有限公司,64,0
慈溪市,龙山镇,2012302,龙湾府小区1号楼,慈溪龙升维科置业有限公司,56,0
慈溪市,宗汉街道,2012015,伊顿花苑5号楼,慈溪市吉恒置业有限公司,0,0
慈溪市,横河镇,2012016,诚园8号楼,慈溪绿城房地产发展有限公司,46,10
慈溪市,宗汉街道,2012015,伊顿花苑4号楼,慈溪市吉恒置业有限公司,42,0
慈溪市,宗汉街道,2012015,伊顿花苑3号楼,慈溪市吉恒置业有限公司,22,0
慈溪市,宗汉街道,2012015,伊顿花苑2号楼,慈溪市吉恒置业有限公司,113,45
慈溪市,宗汉街道,2012015,伊顿花苑1号楼,慈溪市吉恒置业有限公司,117,0
慈溪市,横河镇,2012016,诚园7、14号楼,慈溪绿城房地产发展有限公司,127,4
慈溪市,横河镇,2012016,诚园5号楼,慈溪绿城房地产发展有限公司,135,15
慈溪市,横河镇,2012016,诚园2号楼,慈溪绿城房地产发展有限公司,63,7
慈溪市,横河镇,2012016,诚园1号楼,慈溪绿城房地产发展有限公司,96,10
慈溪市,龙山镇,2012301,香醍漫步花苑41号楼,宁波龙湖置业发展有限公司,9,0
慈溪市,龙山镇,2012301,香醍漫步花苑38号楼,宁波龙湖置业发展有限公司,9,0
慈溪市,龙山镇,2012301,香醍漫步花苑40号楼,宁波龙湖置业发展有限公司,9,0
慈溪市,龙山镇,2012301,香醍漫步花苑39号楼,宁波龙湖置业发展有限公司,8,0
慈溪市,龙山镇,2012301,香醍漫步花苑37号楼,宁波龙湖置业发展有限公司,7,0
慈溪市,龙山镇,2012301,香醍漫步花苑36号楼,宁波龙湖置业发展有限公司,7,0
慈溪市,龙山镇,2012301,香醍漫步花苑35号楼,宁波龙湖置业发展有限公司,5,0
慈溪市,龙山镇,2012301,香醍漫步花苑33号楼,宁波龙湖置业发展有限公司,5,0
慈溪市,龙山镇,2012301,香醍漫步花苑32号楼,宁波龙湖置业发展有限公司,9,0
慈溪市,龙山镇,2012301,香醍漫步花苑31号楼,宁波龙湖置业发展有限公司,9,0
慈溪市,龙山镇,2012301,香醍漫步花苑30号楼,宁波龙湖置业发展有限公司,7,0
慈溪市,龙山镇,2012301,香醍漫步花苑29号楼,宁波龙湖置业发展有限公司,8,0
慈溪市,龙山镇,2012301,香醍漫步花苑28号楼,宁波龙湖置业发展有限公司,5,0
慈溪市,龙山镇,2012301,香醍漫步花苑27号楼,宁波龙湖置业发展有限公司,5,0
慈溪市,龙山镇,2012301,香醍漫步花苑26号楼,宁波龙湖置业发展有限公司,6,0
慈溪市,龙山镇,2012301,香醍漫步花苑25号楼,宁波龙湖置业发展有限公司,6,0
慈溪市,龙山镇,2012301,香醍漫步花苑23号楼,宁波龙湖置业发展有限公司,6,0
慈溪市,龙山镇,2012301,香醍漫步花苑22号楼,宁波龙湖置业发展有限公司,9,0
慈溪市,龙山镇,2012301,香醍漫步花苑21号楼,宁波龙湖置业发展有限公司,7,0
慈溪市,龙山镇,2012301,香醍漫步花苑20号楼,宁波龙湖置业发展有限公司,8,0
慈溪市,龙山镇,2012301,香醍漫步花苑19号楼,宁波龙湖置业发展有限公司,8,0
慈溪市,龙山镇,2012301,香醍漫步花苑18号楼,宁波龙湖置业发展有限公司,5,1
慈溪市,龙山镇,2012301,香醍漫步花苑17号楼,宁波龙湖置业发展有限公司,5,0
慈溪市,龙山镇,2012301,香醍漫步花苑16号楼,宁波龙湖置业发展有限公司,6,0
慈溪市,龙山镇,2012301,香醍漫步花苑15号楼,宁波龙湖置业发展有限公司,5,1
慈溪市,龙山镇,2012301,香醍漫步花苑12号楼,宁波龙湖置业发展有限公司,7,3
慈溪市,龙山镇,2012301,香醍漫步花苑11号楼,宁波龙湖置业发展有限公司,7,1
慈溪市,龙山镇,2012301,香醍漫步花苑10号楼,宁波龙湖置业发展有限公司,16,0
慈溪市,龙山镇,2012301,香醍漫步花苑9号楼,宁波龙湖置业发展有限公司,7,1
慈溪市,龙山镇,2012301,香醍漫步花苑8号楼,宁波龙湖置业发展有限公司,6,3
慈溪市,龙山镇,2012301,香醍漫步花苑7号楼,宁波龙湖置业发展有限公司,5,0
慈溪市,龙山镇,2012301,香醍漫步花苑6号楼,宁波龙湖置业发展有限公司,6,1
慈溪市,宗汉街道,2012014,天悦湾花苑6号楼,慈溪保利建锦房地产开发有限公司,0,0
慈溪市,宗汉街道,2012014,天悦湾花苑地下室,慈溪保利建锦房地产开发有限公司,876,0
慈溪市,宗汉街道,2012014,天悦湾花苑12号楼,慈溪保利建锦房地产开发有限公司,123,0
慈溪市,宗汉街道,2012014,天悦湾花苑11号楼,慈溪保利建锦房地产开发有限公司,62,0
慈溪市,宗汉街道,2012014,天悦湾花苑10号楼,慈溪保利建锦房地产开发有限公司,62,27
慈溪市,宗汉街道,2012014,天悦湾花苑9号楼,慈溪保利建锦房地产开发有限公司,44,0
慈溪市,宗汉街道,2012014,天悦湾花苑8号楼,慈溪保利建锦房地产开发有限公司,42,0
慈溪市,宗汉街道,2012014,天悦湾花苑7号楼,慈溪保利建锦房地产开发有限公司,54,53
慈溪市,宗汉街道,2012014,天悦湾花苑5号楼,慈溪保利建锦房地产开发有限公司,54,0
慈溪市,长河镇,2012013,美郡花苑地下室,宁波飞翔房地产开发有限公司,226,5
慈溪市,长河镇,2012013,美郡花苑14号楼,宁波飞翔房地产开发有限公司,61,3
慈溪市,长河镇,2012013,美郡花苑13号楼,宁波飞翔房地产开发有限公司,8,0
慈溪市,长河镇,2012013,美郡花苑12号楼,宁波飞翔房地产开发有限公司,8,1
慈溪市,长河镇,2012013,美郡花苑11号楼,宁波飞翔房地产开发有限公司,8,0
慈溪市,长河镇,2012013,美郡花苑10号楼,宁波飞翔房地产开发有限公司,8,0
慈溪市,长河镇,2012013,美郡花苑9号楼,宁波飞翔房地产开发有限公司,8,0
慈溪市,长河镇,2012013,美郡花苑8号楼,宁波飞翔房地产开发有限公司,8,0
慈溪市,长河镇,2012013,美郡花苑7号楼,宁波飞翔房地产开发有限公司,4,0
慈溪市,长河镇,2012013,美郡花苑6号楼,宁波飞翔房地产开发有限公司,4,0
慈溪市,长河镇,2012013,美郡花苑5号楼,宁波飞翔房地产开发有限公司,4,0
慈溪市,长河镇,2012013,美郡花苑4号楼,宁波飞翔房地产开发有限公司,4,0
慈溪市,长河镇,2012013,美郡花苑3号楼,宁波飞翔房地产开发有限公司,4,0
慈溪市,长河镇,2012013,美郡花苑2号楼,宁波飞翔房地产开发有限公司,4,0
慈溪市,长河镇,2012013,美郡花苑1号楼,宁波飞翔房地产开发有限公司,4,0
慈溪市,观海卫镇,2012202,嘉润名都地下室,宁波市嘉润置业有限公司,274,0
慈溪市,观海卫镇,2012202,嘉润名都9号楼,宁波市嘉润置业有限公司,21,1
慈溪市,观海卫镇,2012202,嘉润名都8号楼,宁波市嘉润置业有限公司,19,1
慈溪市,观海卫镇,2012202,嘉润名都7号楼,宁波市嘉润置业有限公司,21,2
慈溪市,观海卫镇,2012202,嘉润名都6号楼,宁波市嘉润置业有限公司,21,16
慈溪市,观海卫镇,2012202,嘉润名都5号楼,宁波市嘉润置业有限公司,30,12
慈溪市,观海卫镇,2012202,嘉润名都4号楼,宁波市嘉润置业有限公司,20,7
慈溪市,观海卫镇,2012202,嘉润名都3号楼,宁波市嘉润置业有限公司,20,0
慈溪市,观海卫镇,2012202,嘉润名都2号楼,宁波市嘉润置业有限公司,20,12
慈溪市,观海卫镇,2012202,嘉润名都1号楼,宁波市嘉润置业有限公司,33,7
慈溪市,匡堰镇,2012012,风情苑门卫、消防,慈溪市茂田房地产开发有限公司,0,0
慈溪市,匡堰镇,2012012,风情苑地下室,慈溪市茂田房地产开发有限公司,180,103
慈溪市,匡堰镇,2012012,风情苑4号楼,慈溪市茂田房地产开发有限公司,14,0
慈溪市,匡堰镇,2012012,风情苑3号楼,慈溪市茂田房地产开发有限公司,42,31
慈溪市,匡堰镇,2012012,风情苑2号楼,慈溪市茂田房地产开发有限公司,51,28
慈溪市,匡堰镇,2012012,风情苑1号楼,慈溪市茂田房地产开发有限公司,56,25
慈溪市,观海卫镇,2012201,如意花苑配电房,浙江顺凯置业有限公司,0,0
慈溪市,观海卫镇,2012201,如意花苑地下室,浙江顺凯置业有限公司,363,0
慈溪市,观海卫镇,2012201,如意花苑9号楼,浙江顺凯置业有限公司,54,0
慈溪市,观海卫镇,2012201,如意花苑8号楼,浙江顺凯置业有限公司,52,0
慈溪市,观海卫镇,2012201,如意花苑7号楼,浙江顺凯置业有限公司,52,0
慈溪市,观海卫镇,2012201,如意花苑6号楼,浙江顺凯置业有限公司,36,0
慈溪市,观海卫镇,2012201,如意花苑4号楼,浙江顺凯置业有限公司,30,6
慈溪市,观海卫镇,2012201,如意花苑3号、5号楼,浙江顺凯置业有限公司,66,5
慈溪市,观海卫镇,2012201,如意花苑2号楼,浙江顺凯置业有限公司,32,8
慈溪市,观海卫镇,2012201,如意花苑1号楼,浙江顺凯置业有限公司,82,0
慈溪市,崇寿镇,2012011,星海湾家园3号专变,宁波宝诚置业有限公司,0,0
慈溪市,崇寿镇,2012011,星海湾家园1号专变2号环网站,宁波宝诚置业有限公司,0,0
慈溪市,崇寿镇,2012011,星海湾家园1号公变,宁波宝诚置业有限公司,0,0
慈溪市,崇寿镇,2012011,星海湾家园2号门卫,宁波宝诚置业有限公司,0,0
慈溪市,崇寿镇,2012011,星海湾家园1号门卫,宁波宝诚置业有限公司,0,0
慈溪市,崇寿镇,2012011,星海湾家园北地块地下室,宁波宝诚置业有限公司,551,104
慈溪市,崇寿镇,2012011,星海湾家园南地块地下室,宁波宝诚置业有限公司,1292,0
慈溪市,崇寿镇,2012011,星海湾家园22号楼,宁波宝诚置业有限公司,46,4
慈溪市,崇寿镇,2012011,星海湾家园21号楼,宁波宝诚置业有限公司,30,0
慈溪市,崇寿镇,2012011,星海湾家园20号楼,宁波宝诚置业有限公司,30,0
慈溪市,崇寿镇,2012011,星海湾家园19号楼,宁波宝诚置业有限公司,46,0
慈溪市,崇寿镇,2012011,星海湾家园18号楼,宁波宝诚置业有限公司,52,11
慈溪市,崇寿镇,2012011,星海湾家园17号楼,宁波宝诚置业有限公司,20,0
慈溪市,崇寿镇,2012011,星海湾家园16号楼,宁波宝诚置业有限公司,20,0
慈溪市,崇寿镇,2012011,星海湾家园15号楼,宁波宝诚置业有限公司,42,0
慈溪市,崇寿镇,2012011,星海湾家园13号楼,宁波宝诚置业有限公司,61,0
慈溪市,崇寿镇,2012011,星海湾家园14号楼,宁波宝诚置业有限公司,74,14
慈溪市,崇寿镇,2012011,星海湾家园12号楼,宁波宝诚置业有限公司,52,11
慈溪市,崇寿镇,2012011,星海湾家园11号楼,宁波宝诚置业有限公司,21,0
慈溪市,崇寿镇,2012011,星海湾家园10号楼,宁波宝诚置业有限公司,21,0
慈溪市,崇寿镇,2012011,星海湾家园9号楼,宁波宝诚置业有限公司,42,0
慈溪市,崇寿镇,2012011,星海湾家园8号楼,宁波宝诚置业有限公司,111,10
慈溪市,崇寿镇,2012011,星海湾家园7号楼,宁波宝诚置业有限公司,28,0
慈溪市,崇寿镇,2012011,星海湾家园6号楼,宁波宝诚置业有限公司,28,0
慈溪市,崇寿镇,2012011,星海湾家园5号楼,宁波宝诚置业有限公司,85,0
慈溪市,崇寿镇,2012011,星海湾家园4号楼,宁波宝诚置业有限公司,67,9
慈溪市,崇寿镇,2012011,星海湾家园3号楼,宁波宝诚置业有限公司,116,3
慈溪市,崇寿镇,2012011,星海湾家园1、2号楼,宁波宝诚置业有限公司,205,42
慈溪市,长河镇,2012008,纯丰家园3号楼,慈溪市纯生置业有限公司,17,2
慈溪市,长河镇,2012008,纯丰家园2号楼,慈溪市纯生置业有限公司,26,4
慈溪市,长河镇,2012008,纯丰家园1号楼,慈溪市纯生置业有限公司,17,2
慈溪市,宗汉街道,2012010,君悦湾花苑7号楼,慈溪保利建锦房地产开发有限公司,93,93
慈溪市,宗汉街道,2012010,君悦湾花苑地下室,慈溪保利建锦房地产开发有限公司,420,0
慈溪市,宗汉街道,2012010,君悦湾花苑6号楼,慈溪保利建锦房地产开发有限公司,64,64
慈溪市,宗汉街道,2012010,君悦湾花苑5号楼,慈溪保利建锦房地产开发有限公司,64,64
慈溪市,宗汉街道,2012010,君悦湾花苑3号楼,慈溪保利建锦房地产开发有限公司,64,64
慈溪市,宗汉街道,2012010,君悦湾花苑2号楼,慈溪保利建锦房地产开发有限公司,62,62
慈溪市,宗汉街道,2012010,君悦湾花苑1号楼,慈溪保利建锦房地产开发有限公司,92,92
慈溪市,宗汉街道,2012009,双只ㄔ3号地下室,慈溪金轮梵石房地产有限公司,397,66
慈溪市,宗汉街道,2012009,双只ㄔ22号楼,慈溪金轮梵石房地产有限公司,64,22
慈溪市,宗汉街道,2012009,双只ㄔ21号楼,慈溪金轮梵石房地产有限公司,60,0
慈溪市,宗汉街道,2012009,双只ㄔ20号楼,慈溪金轮梵石房地产有限公司,3,0
慈溪市,宗汉街道,2012009,双只ㄔ19号楼,慈溪金轮梵石房地产有限公司,60,32
慈溪市,宗汉街道,2012009,双只ㄔ18号楼,慈溪金轮梵石房地产有限公司,94,56
慈溪市,宗汉街道,2012007,君悦湾花苑36号楼,慈溪保利建锦房地产开发有限公司,4,2
慈溪市,宗汉街道,2012007,君悦湾花苑35号楼,慈溪保利建锦房地产开发有限公司,3,2
慈溪市,宗汉街道,2012007,君悦湾花苑33号楼,慈溪保利建锦房地产开发有限公司,4,2
慈溪市,宗汉街道,2012007,君悦湾花苑32号楼,慈溪保利建锦房地产开发有限公司,4,4
慈溪市,宗汉街道,2012007,君悦湾花苑31号楼,慈溪保利建锦房地产开发有限公司,4,4
慈溪市,宗汉街道,2012007,君悦湾花苑30号楼,慈溪保利建锦房地产开发有限公司,4,4
慈溪市,宗汉街道,2012007,君悦湾花苑29号楼,慈溪保利建锦房地产开发有限公司,4,0
慈溪市,宗汉街道,2012007,君悦湾花苑28号楼,慈溪保利建锦房地产开发有限公司,3,0
慈溪市,宗汉街道,2012007,君悦湾花苑27号楼,慈溪保利建锦房地产开发有限公司,4,0
慈溪市,宗汉街道,2012007,君悦湾花苑26号楼,慈溪保利建锦房地产开发有限公司,4,4
慈溪市,宗汉街道,2012007,君悦湾花苑25号楼,慈溪保利建锦房地产开发有限公司,4,3
慈溪市,宗汉街道,2012007,君悦湾花苑23号楼,慈溪保利建锦房地产开发有限公司,3,0
慈溪市,宗汉街道,2012007,君悦湾花苑22号楼,慈溪保利建锦房地产开发有限公司,4,3
慈溪市,宗汉街道,2012007,君悦湾花苑21号楼,慈溪保利建锦房地产开发有限公司,3,3
慈溪市,宗汉街道,2012007,君悦湾花苑20号楼,慈溪保利建锦房地产开发有限公司,4,4
慈溪市,宗汉街道,2012007,君悦湾花苑19号楼,慈溪保利建锦房地产开发有限公司,3,3
慈溪市,宗汉街道,2012007,君悦湾花苑18号楼,慈溪保利建锦房地产开发有限公司,4,0
慈溪市,宗汉街道,2012007,君悦湾花苑17号楼,慈溪保利建锦房地产开发有限公司,4,4
慈溪市,宗汉街道,2012007,君悦湾花苑16号楼,慈溪保利建锦房地产开发有限公司,3,3
慈溪市,宗汉街道,2012007,君悦湾花苑15号楼,慈溪保利建锦房地产开发有限公司,4,4
慈溪市,宗汉街道,2012007,君悦湾花苑13号楼,慈溪保利建锦房地产开发有限公司,3,3
慈溪市,宗汉街道,2012007,君悦湾花苑12号楼,慈溪保利建锦房地产开发有限公司,4,0
慈溪市,宗汉街道,2012007,君悦湾花苑11号楼,慈溪保利建锦房地产开发有限公司,5,5
慈溪市,宗汉街道,2012007,君悦湾花苑10号楼,慈溪保利建锦房地产开发有限公司,4,4
慈溪市,宗汉街道,2012007,君悦湾花苑9号楼,慈溪保利建锦房地产开发有限公司,4,4
慈溪市,宗汉街道,2012007,君悦湾花苑8号楼,慈溪保利建锦房地产开发有限公司,5,4
慈溪市,白沙路街道,2011004,慈溪财富中心、、销售单元调整,慈溪市工业品批发市场经营服务有限公司,310,0
慈溪市,坎墩街道,2012006,鸿悦花苑8号楼,慈溪金启房地产开发有限公司,50,2
慈溪市,坎墩街道,2012006,鸿悦花苑7号楼,慈溪金启房地产开发有限公司,50,0
慈溪市,坎墩街道,2012006,鸿悦花苑6号楼,慈溪金启房地产开发有限公司,124,0
慈溪市,坎墩街道,2012006,鸿悦花苑5号楼,慈溪金启房地产开发有限公司,124,0
慈溪市,坎墩街道,2012006,鸿悦花苑4号楼,慈溪金启房地产开发有限公司,120,0
慈溪市,坎墩街道,2012006,鸿悦花苑3号楼,慈溪金启房地产开发有限公司,113,73
慈溪市,浒山街道,2012005,泰悦公寓（地下部分）,慈溪银泰置业有限公司,99,0
慈溪市,浒山街道,2012005,泰悦公寓（地上部分）,慈溪银泰置业有限公司,506,23
慈溪市,宗汉街道,2012004,伊顿花苑门卫,慈溪市吉恒置业有限公司,0,0
慈溪市,宗汉街道,2012004,伊顿花苑地下室,慈溪市吉恒置业有限公司,462,102
慈溪市,宗汉街道,2012004,伊顿花苑29号楼,慈溪市吉恒置业有限公司,0,0
慈溪市,宗汉街道,2012004,伊顿花苑28号楼,慈溪市吉恒置业有限公司,0,0
慈溪市,宗汉街道,2012004,伊顿花苑27号楼,慈溪市吉恒置业有限公司,3,0
慈溪市,宗汉街道,2012004,伊顿花苑26号楼,慈溪市吉恒置业有限公司,4,0
慈溪市,宗汉街道,2012004,伊顿花苑25号楼,慈溪市吉恒置业有限公司,4,0
慈溪市,宗汉街道,2012004,伊顿花苑24号楼,慈溪市吉恒置业有限公司,4,1
慈溪市,宗汉街道,2012004,伊顿花苑23号楼,慈溪市吉恒置业有限公司,4,1
慈溪市,宗汉街道,2012004,伊顿花苑22号楼,慈溪市吉恒置业有限公司,4,2
慈溪市,宗汉街道,2012004,伊顿花苑21号楼,慈溪市吉恒置业有限公司,5,2
慈溪市,宗汉街道,2012004,伊顿花苑20号楼,慈溪市吉恒置业有限公司,4,1
慈溪市,宗汉街道,2012004,伊顿花苑19号楼,慈溪市吉恒置业有限公司,4,2
慈溪市,宗汉街道,2012004,伊顿花苑18号楼,慈溪市吉恒置业有限公司,5,4
慈溪市,宗汉街道,2012004,伊顿花苑17号楼,慈溪市吉恒置业有限公司,5,2
慈溪市,宗汉街道,2012004,伊顿花苑16号楼,慈溪市吉恒置业有限公司,4,2
慈溪市,宗汉街道,2012004,伊顿花苑15号楼,慈溪市吉恒置业有限公司,4,2
慈溪市,宗汉街道,2012004,伊顿花苑14号楼,慈溪市吉恒置业有限公司,5,2
慈溪市,宗汉街道,2012004,伊顿花苑13号楼,慈溪市吉恒置业有限公司,4,0
慈溪市,宗汉街道,2012004,伊顿花苑12号楼,慈溪市吉恒置业有限公司,4,2
慈溪市,宗汉街道,2012004,伊顿花苑11号楼,慈溪市吉恒置业有限公司,4,1
慈溪市,宗汉街道,2012004,伊顿花苑10号楼,慈溪市吉恒置业有限公司,4,1
慈溪市,宗汉街道,2012004,伊顿花苑9号楼,慈溪市吉恒置业有限公司,4,3
慈溪市,宗汉街道,2012004,伊顿花苑8号楼,慈溪市吉恒置业有限公司,4,0
慈溪市,宗汉街道,2012004,伊顿花苑7号楼,慈溪市吉恒置业有限公司,4,2
慈溪市,宗汉街道,2012004,伊顿花苑6号楼,慈溪市吉恒置业有限公司,4,3
慈溪市,宗汉街道,2012003,双只ㄔ2号地下室,慈溪金轮梵石房地产有限公司,538,207
慈溪市,宗汉街道,2012003,双只ㄔ27号楼,慈溪金轮梵石房地产有限公司,60,50
慈溪市,宗汉街道,2012003,双只ㄔ26号楼,慈溪金轮梵石房地产有限公司,60,35
慈溪市,宗汉街道,2012003,双只ㄔ25号楼,慈溪金轮梵石房地产有限公司,60,53
慈溪市,宗汉街道,2012003,双只ㄔ23号楼,慈溪金轮梵石房地产有限公司,60,52
慈溪市,古塘街道,2012001、2012002,慈溪智慧谷科技广场地下室,慈溪浙大网新创新园开发有限公司,158,31
慈溪市,古塘街道,2012002,慈溪智慧谷科技广场22号楼,慈溪浙大网新创新园开发有限公司,0,0
慈溪市,古塘街道,2012002,慈溪智慧谷科技广场21号楼,慈溪浙大网新创新园开发有限公司,0,0
慈溪市,古塘街道,2012002,慈溪智慧谷科技广场20号楼,慈溪浙大网新创新园开发有限公司,0,0
慈溪市,古塘街道,2012001,慈溪智慧谷科技广场19号楼,慈溪浙大网新创新园开发有限公司,2,1
慈溪市,古塘街道,2012001,慈溪智慧谷科技广场18号楼,慈溪浙大网新创新园开发有限公司,2,1
慈溪市,古塘街道,2012001,慈溪智慧谷科技广场17号楼,慈溪浙大网新创新园开发有限公司,2,2
慈溪市,古塘街道,2012001,慈溪智慧谷科技广场16号楼,慈溪浙大网新创新园开发有限公司,2,0
慈溪市,古塘街道,2012002,慈溪智慧谷科技广场15号楼,慈溪浙大网新创新园开发有限公司,0,0
慈溪市,古塘街道,2012002,慈溪智慧谷科技广场14号楼,慈溪浙大网新创新园开发有限公司,0,0
慈溪市,古塘街道,2012001,慈溪智慧谷科技广场13号楼,慈溪浙大网新创新园开发有限公司,2,0
慈溪市,古塘街道,2012001,慈溪智慧谷科技广场12号楼,慈溪浙大网新创新园开发有限公司,1,1
慈溪市,古塘街道,2012001,慈溪智慧谷科技广场11号楼,慈溪浙大网新创新园开发有限公司,1,1
慈溪市,,2012001,慈溪智慧谷科技广场10号楼,慈溪浙大网新创新园开发有限公司,2,0
慈溪市,古塘街道,2012002,慈溪智慧谷科技广场9号楼,慈溪浙大网新创新园开发有限公司,1,1
慈溪市,古塘街道,2012001,慈溪智慧谷科技广场8号楼,慈溪浙大网新创新园开发有限公司,34,3
慈溪市,古塘街道,2012001,慈溪智慧谷科技广场7号楼,慈溪浙大网新创新园开发有限公司,2,0
慈溪市,,2012001,慈溪智慧谷科技广场6号楼,慈溪浙大网新创新园开发有限公司,1,1
慈溪市,古塘街道,2012001,慈溪智慧谷科技广场5号楼,慈溪浙大网新创新园开发有限公司,1,1
慈溪市,古塘街道,2012001,慈溪智慧谷科技广场4号楼,慈溪浙大网新创新园开发有限公司,2,2
慈溪市,古塘街道,2012002,慈溪智慧谷科技广场3号楼,慈溪浙大网新创新园开发有限公司,5,5
慈溪市,古塘街道,2012002,慈溪智慧谷科技广场2号楼,慈溪浙大网新创新园开发有限公司,1,1
慈溪市,古塘街道,2012001,慈溪智慧谷科技广场1号楼,慈溪浙大网新创新园开发有限公司,115,14
慈溪市,长河镇,2011023,凯盛家苑配电房,慈溪中骏房地产开发有限公司,0,0
慈溪市,长河镇,2011023,凯盛家苑8号楼,慈溪中骏房地产开发有限公司,60,60
慈溪市,长河镇,2011023,凯盛家苑7号楼,慈溪中骏房地产开发有限公司,37,36
慈溪市,长河镇,2011023,凯盛家苑6号楼,慈溪中骏房地产开发有限公司,40,38
慈溪市,长河镇,2011023,凯盛家苑5号楼,慈溪中骏房地产开发有限公司,37,26
慈溪市,长河镇,2011023,凯盛家苑4号楼,慈溪中骏房地产开发有限公司,18,17
慈溪市,长河镇,2011023,凯盛家苑3号楼,慈溪中骏房地产开发有限公司,37,37
慈溪市,长河镇,2011023,凯盛家苑1号楼,慈溪中骏房地产开发有限公司,47,44
慈溪市,长河镇,2011023,凯盛家苑2号楼,慈溪中骏房地产开发有限公司,40,40
慈溪市,宗汉街道,2011020,清和花苑地下室,慈溪万城置业有限公司,20,3
慈溪市,宗汉街道,2011020,清和花苑4号楼,慈溪万城置业有限公司,48,43
慈溪市,宗汉街道,2011020,清和花苑3号楼,慈溪万城置业有限公司,18,15
慈溪市,宗汉街道,2011020,清和花苑2号楼,慈溪万城置业有限公司,23,21
慈溪市,宗汉街道,2011020,清和花苑1号楼,慈溪万城置业有限公司,21,15
慈溪市,宗汉街道,2011021,白金湾小区地下室,宁波市远策置业有限公司,868,192
慈溪市,龙山镇,2011302,香湖丹堤花园290号楼,宁波雅戈尔达蓬山旅游投资开发有限公司,2,0
慈溪市,龙山镇,2011302,香湖丹堤花园289号楼,宁波雅戈尔达蓬山旅游投资开发有限公司,2,0
慈溪市,龙山镇,2011302,香湖丹堤花园288号楼,宁波雅戈尔达蓬山旅游投资开发有限公司,2,0
慈溪市,龙山镇,2011302,香湖丹堤花园279号楼,宁波雅戈尔达蓬山旅游投资开发有限公司,2,0
慈溪市,龙山镇,2011302,香湖丹堤花园278号楼,宁波雅戈尔达蓬山旅游投资开发有限公司,2,0
慈溪市,龙山镇,2011302,香湖丹堤花园277号楼,宁波雅戈尔达蓬山旅游投资开发有限公司,2,0
慈溪市,龙山镇,2011302,香湖丹堤花园276号楼,宁波雅戈尔达蓬山旅游投资开发有限公司,2,0
慈溪市,龙山镇,2011302,香湖丹堤花园275号楼,宁波雅戈尔达蓬山旅游投资开发有限公司,2,0
慈溪市,龙山镇,2011302,香湖丹堤花园266号楼,宁波雅戈尔达蓬山旅游投资开发有限公司,2,2
慈溪市,龙山镇,2011302,香湖丹堤花园265号楼,宁波雅戈尔达蓬山旅游投资开发有限公司,2,2
慈溪市,龙山镇,2011302,香湖丹堤花园263号楼,宁波雅戈尔达蓬山旅游投资开发有限公司,2,0
慈溪市,龙山镇,2011302,香湖丹堤花园262号楼,宁波雅戈尔达蓬山旅游投资开发有限公司,2,0
慈溪市,龙山镇,2011302,香湖丹堤花园261号楼,宁波雅戈尔达蓬山旅游投资开发有限公司,2,2
慈溪市,龙山镇,2011302,香湖丹堤花园252号楼,宁波雅戈尔达蓬山旅游投资开发有限公司,2,2
慈溪市,龙山镇,2011302,香湖丹堤花园251号楼,宁波雅戈尔达蓬山旅游投资开发有限公司,2,0
慈溪市,龙山镇,2011302,香湖丹堤花园250号楼,宁波雅戈尔达蓬山旅游投资开发有限公司,2,0
慈溪市,龙山镇,2011302,香湖丹堤花园249号楼,宁波雅戈尔达蓬山旅游投资开发有限公司,2,0
慈溪市,龙山镇,2011302,香湖丹堤花园248号楼,宁波雅戈尔达蓬山旅游投资开发有限公司,2,0
慈溪市,龙山镇,2011302,香湖丹堤花园238号楼,宁波雅戈尔达蓬山旅游投资开发有限公司,2,0
慈溪市,龙山镇,2011302,香湖丹堤花园237号楼,宁波雅戈尔达蓬山旅游投资开发有限公司,2,0
慈溪市,龙山镇,2011302,香湖丹堤花园236号楼,宁波雅戈尔达蓬山旅游投资开发有限公司,2,0
慈溪市,龙山镇,2011302,香湖丹堤花园235号楼,宁波雅戈尔达蓬山旅游投资开发有限公司,2,0
慈溪市,龙山镇,2011302,香湖丹堤花园233号楼,宁波雅戈尔达蓬山旅游投资开发有限公司,2,0
慈溪市,龙山镇,2011302,香湖丹堤花园229号楼,宁波雅戈尔达蓬山旅游投资开发有限公司,2,2
慈溪市,龙山镇,2011302,香湖丹堤花园228号楼,宁波雅戈尔达蓬山旅游投资开发有限公司,2,0
慈溪市,龙山镇,2011302,香湖丹堤花园227号楼,宁波雅戈尔达蓬山旅游投资开发有限公司,2,2
慈溪市,龙山镇,2011302,香湖丹堤花园226号楼,宁波雅戈尔达蓬山旅游投资开发有限公司,2,0
慈溪市,龙山镇,2011302,香湖丹堤花园225号楼,宁波雅戈尔达蓬山旅游投资开发有限公司,1,1
慈溪市,龙山镇,2011302,香湖丹堤花园223号楼,宁波雅戈尔达蓬山旅游投资开发有限公司,2,2
慈溪市,龙山镇,2011302,香湖丹堤花园222号楼,宁波雅戈尔达蓬山旅游投资开发有限公司,2,0
慈溪市,龙山镇,2011302,香湖丹堤花园221号楼,宁波雅戈尔达蓬山旅游投资开发有限公司,12,12
慈溪市,龙山镇,2011302,香湖丹堤花园220号楼,宁波雅戈尔达蓬山旅游投资开发有限公司,18,16
慈溪市,龙山镇,2011302,香湖丹堤花园219号楼,宁波雅戈尔达蓬山旅游投资开发有限公司,12,12
慈溪市,龙山镇,2011302,香湖丹堤花园218号楼,宁波雅戈尔达蓬山旅游投资开发有限公司,18,16
慈溪市,龙山镇,2011302,香湖丹堤花园215号楼,宁波雅戈尔达蓬山旅游投资开发有限公司,2,2
慈溪市,龙山镇,2011302,香湖丹堤花园213号楼,宁波雅戈尔达蓬山旅游投资开发有限公司,2,0
慈溪市,龙山镇,2011302,香湖丹堤花园212号楼,宁波雅戈尔达蓬山旅游投资开发有限公司,2,0
慈溪市,龙山镇,2011302,香湖丹堤花园211号楼,宁波雅戈尔达蓬山旅游投资开发有限公司,2,0
慈溪市,龙山镇,2011302,香湖丹堤花园210号楼,宁波雅戈尔达蓬山旅游投资开发有限公司,2,0
慈溪市,龙山镇,2011302,香湖丹堤花园209号楼,宁波雅戈尔达蓬山旅游投资开发有限公司,2,2
慈溪市,龙山镇,2011302,香湖丹堤花园208号楼,宁波雅戈尔达蓬山旅游投资开发有限公司,2,0
慈溪市,龙山镇,2011302,香湖丹堤花园207号楼,宁波雅戈尔达蓬山旅游投资开发有限公司,2,0
慈溪市,龙山镇,2011302,香湖丹堤花园206号楼,宁波雅戈尔达蓬山旅游投资开发有限公司,2,0
慈溪市,龙山镇,2011302,香湖丹堤花园205号楼,宁波雅戈尔达蓬山旅游投资开发有限公司,2,0
慈溪市,龙山镇,2011302,香湖丹堤花园203号楼,宁波雅戈尔达蓬山旅游投资开发有限公司,2,0
慈溪市,龙山镇,2011302,香湖丹堤花园202号楼,宁波雅戈尔达蓬山旅游投资开发有限公司,2,2
慈溪市,龙山镇,2011302,香湖丹堤花园201号楼,宁波雅戈尔达蓬山旅游投资开发有限公司,2,0
慈溪市,龙山镇,2011302,香湖丹堤花园200号楼,宁波雅戈尔达蓬山旅游投资开发有限公司,2,2
慈溪市,龙山镇,2011302,香湖丹堤花园199号楼,宁波雅戈尔达蓬山旅游投资开发有限公司,2,0
慈溪市,龙山镇,2011302,香湖丹堤花园198号楼,宁波雅戈尔达蓬山旅游投资开发有限公司,2,0
慈溪市,龙山镇,2011302,香湖丹堤花园197号楼,宁波雅戈尔达蓬山旅游投资开发有限公司,2,0
慈溪市,龙山镇,2011302,香湖丹堤花园196号楼,宁波雅戈尔达蓬山旅游投资开发有限公司,2,0
慈溪市,龙山镇,2011302,香湖丹堤花园195号楼,宁波雅戈尔达蓬山旅游投资开发有限公司,2,0
慈溪市,龙山镇,2011302,香湖丹堤花园193号楼,宁波雅戈尔达蓬山旅游投资开发有限公司,2,0
慈溪市,龙山镇,2011302,香湖丹堤花园192号楼,宁波雅戈尔达蓬山旅游投资开发有限公司,2,0
慈溪市,龙山镇,2011302,香湖丹堤花园182号楼,宁波雅戈尔达蓬山旅游投资开发有限公司,2,0
慈溪市,龙山镇,2011302,香湖丹堤花园181号楼,宁波雅戈尔达蓬山旅游投资开发有限公司,2,0
慈溪市,龙山镇,2011302,香湖丹堤花园180号楼,宁波雅戈尔达蓬山旅游投资开发有限公司,2,0
慈溪市,龙山镇,2011302,香湖丹堤花园179号楼,宁波雅戈尔达蓬山旅游投资开发有限公司,2,0
慈溪市,龙山镇,2011302,香湖丹堤花园178号楼,宁波雅戈尔达蓬山旅游投资开发有限公司,2,0
慈溪市,龙山镇,2011302,香湖丹堤花园177号楼,宁波雅戈尔达蓬山旅游投资开发有限公司,2,2
慈溪市,龙山镇,2011302,香湖丹堤花园176号楼,宁波雅戈尔达蓬山旅游投资开发有限公司,2,0
慈溪市,龙山镇,2011302,香湖丹堤花园175号楼,宁波雅戈尔达蓬山旅游投资开发有限公司,2,2
慈溪市,龙山镇,2011302,香湖丹堤花园173号楼,宁波雅戈尔达蓬山旅游投资开发有限公司,2,0
慈溪市,龙山镇,2011302,香湖丹堤花园172号楼,宁波雅戈尔达蓬山旅游投资开发有限公司,2,0
慈溪市,龙山镇,2011302,香湖丹堤花园171号楼,宁波雅戈尔达蓬山旅游投资开发有限公司,2,2
慈溪市,龙山镇,2011302,香湖丹堤花园170号楼,宁波雅戈尔达蓬山旅游投资开发有限公司,2,2
慈溪市,龙山镇,2011302,香湖丹堤花园169号楼,宁波雅戈尔达蓬山旅游投资开发有限公司,2,0
慈溪市,龙山镇,2011302,香湖丹堤花园168号楼,宁波雅戈尔达蓬山旅游投资开发有限公司,2,2
慈溪市,龙山镇,2011302,香湖丹堤花园167号楼,宁波雅戈尔达蓬山旅游投资开发有限公司,2,0
慈溪市,龙山镇,2011302,香湖丹堤花园166号楼,宁波雅戈尔达蓬山旅游投资开发有限公司,2,0
慈溪市,龙山镇,2011302,香湖丹堤花园165号楼,宁波雅戈尔达蓬山旅游投资开发有限公司,2,2
慈溪市,龙山镇,2011302,香湖丹堤花园163号楼,宁波雅戈尔达蓬山旅游投资开发有限公司,2,0
慈溪市,龙山镇,2011302,香湖丹堤花园162号楼,宁波雅戈尔达蓬山旅游投资开发有限公司,2,0
慈溪市,龙山镇,2011302,香湖丹堤花园161号楼,宁波雅戈尔达蓬山旅游投资开发有限公司,2,0
慈溪市,龙山镇,2011302,香湖丹堤花园151号楼,宁波雅戈尔达蓬山旅游投资开发有限公司,2,2
慈溪市,龙山镇,2011302,香湖丹堤花园150号楼,宁波雅戈尔达蓬山旅游投资开发有限公司,2,2
慈溪市,龙山镇,2011302,香湖丹堤花园149号楼,宁波雅戈尔达蓬山旅游投资开发有限公司,2,0
慈溪市,龙山镇,2011302,香湖丹堤花园148号楼,宁波雅戈尔达蓬山旅游投资开发有限公司,2,0
慈溪市,龙山镇,2011302,香湖丹堤花园147号楼,宁波雅戈尔达蓬山旅游投资开发有限公司,2,0
慈溪市,龙山镇,2011302,香湖丹堤花园146号楼,宁波雅戈尔达蓬山旅游投资开发有限公司,2,2
慈溪市,龙山镇,2011302,香湖丹堤花园145号楼,宁波雅戈尔达蓬山旅游投资开发有限公司,2,0
慈溪市,龙山镇,2011302,香湖丹堤花园143号楼,宁波雅戈尔达蓬山旅游投资开发有限公司,2,0
慈溪市,龙山镇,2011302,香湖丹堤花园142号楼,宁波雅戈尔达蓬山旅游投资开发有限公司,2,0
慈溪市,龙山镇,2011302,香湖丹堤花园141号楼,宁波雅戈尔达蓬山旅游投资开发有限公司,2,2
慈溪市,龙山镇,2011302,香湖丹堤花园140号楼,宁波雅戈尔达蓬山旅游投资开发有限公司,2,2
慈溪市,龙山镇,2011302,香湖丹堤花园139号楼,宁波雅戈尔达蓬山旅游投资开发有限公司,2,2
慈溪市,龙山镇,2011302,香湖丹堤花园138号楼,宁波雅戈尔达蓬山旅游投资开发有限公司,2,0
慈溪市,龙山镇,2011302,香湖丹堤花园137号楼,宁波雅戈尔达蓬山旅游投资开发有限公司,2,0
慈溪市,龙山镇,2011302,香湖丹堤花园136号楼,宁波雅戈尔达蓬山旅游投资开发有限公司,2,0
慈溪市,龙山镇,2011302,香湖丹堤花园135号楼,宁波雅戈尔达蓬山旅游投资开发有限公司,2,0
慈溪市,龙山镇,2011302,香湖丹堤花园125号楼,宁波雅戈尔达蓬山旅游投资开发有限公司,2,2
慈溪市,龙山镇,2011302,香湖丹堤花园123号楼,宁波雅戈尔达蓬山旅游投资开发有限公司,2,0
慈溪市,龙山镇,2011302,香湖丹堤花园122号楼,宁波雅戈尔达蓬山旅游投资开发有限公司,2,0
慈溪市,三北镇,2011302,香湖丹堤花园121号楼,宁波雅戈尔达蓬山旅游投资开发有限公司,2,0
慈溪市,龙山镇,2011302,香湖丹堤花园120号楼,宁波雅戈尔达蓬山旅游投资开发有限公司,2,0
慈溪市,龙山镇,2011302,香湖丹堤花园119号楼,宁波雅戈尔达蓬山旅游投资开发有限公司,2,0
慈溪市,龙山镇,2011302,香湖丹堤花园118号楼,宁波雅戈尔达蓬山旅游投资开发有限公司,2,0
慈溪市,龙山镇,2011302,香湖丹堤花园117号楼,宁波雅戈尔达蓬山旅游投资开发有限公司,2,0
慈溪市,龙山镇,2011302,香湖丹堤花园116号楼,宁波雅戈尔达蓬山旅游投资开发有限公司,2,0
慈溪市,龙山镇,2011302,香湖丹堤花园115号楼,宁波雅戈尔达蓬山旅游投资开发有限公司,2,0
慈溪市,龙山镇,2011302,香湖丹堤花园113号楼,宁波雅戈尔达蓬山旅游投资开发有限公司,2,0
慈溪市,龙山镇,2011302,香湖丹堤花园112号楼,宁波雅戈尔达蓬山旅游投资开发有限公司,2,2
慈溪市,宗汉街道,2011022,双只ㄔ8号楼,慈溪金轮梵石房地产有限公司,14,2
慈溪市,宗汉街道,2011022,双只ㄔ11号楼,慈溪金轮梵石房地产有限公司,12,0
慈溪市,宗汉街道,2011021,白金湾小区55号楼,宁波市远策置业有限公司,6,3
慈溪市,宗汉街道,2011021,白金湾小区53号楼,宁波市远策置业有限公司,4,0
慈溪市,宗汉街道,2011021,白金湾小区52号楼,宁波市远策置业有限公司,0,0
慈溪市,宗汉街道,2011021,白金湾小区51号楼,宁波市远策置业有限公司,0,0
慈溪市,宗汉街道,2011021,白金湾小区50号楼,宁波市远策置业有限公司,0,0
慈溪市,宗汉街道,2011021,白金湾小区49号楼,宁波市远策置业有限公司,0,0
慈溪市,宗汉街道,2011021,白金湾小区48号楼,宁波市远策置业有限公司,6,6
慈溪市,宗汉街道,2011021,白金湾小区47号楼,宁波市远策置业有限公司,4,0
慈溪市,宗汉街道,2011021,白金湾小区46号楼,宁波市远策置业有限公司,0,0
慈溪市,宗汉街道,2011021,白金湾小区45号楼,宁波市远策置业有限公司,0,0
慈溪市,宗汉街道,2011021,白金湾小区43号楼,宁波市远策置业有限公司,0,0
慈溪市,宗汉街道,2011021,白金湾小区42号楼,宁波市远策置业有限公司,0,0
慈溪市,宗汉街道,2011021,白金湾小区41号楼,宁波市远策置业有限公司,6,4
慈溪市,宗汉街道,2011021,白金湾小区40号楼,宁波市远策置业有限公司,4,1
慈溪市,宗汉街道,2011021,白金湾小区39号楼,宁波市远策置业有限公司,0,0
慈溪市,宗汉街道,2011021,白金湾小区38号楼,宁波市远策置业有限公司,0,0
慈溪市,宗汉街道,2011021,白金湾小区37号楼,宁波市远策置业有限公司,0,0
慈溪市,宗汉街道,2011021,白金湾小区36号楼,宁波市远策置业有限公司,0,0
慈溪市,宗汉街道,2011021,白金湾小区35号楼,宁波市远策置业有限公司,6,1
慈溪市,宗汉街道,2011021,白金湾小区33号楼,宁波市远策置业有限公司,4,1
慈溪市,宗汉街道,2011021,白金湾小区32号楼,宁波市远策置业有限公司,0,0
慈溪市,宗汉街道,2011021,白金湾小区31号楼,宁波市远策置业有限公司,0,0
慈溪市,宗汉街道,2011021,白金湾小区30号楼,宁波市远策置业有限公司,0,0
慈溪市,宗汉街道,2011021,白金湾小区29号楼,宁波市远策置业有限公司,0,0
慈溪市,宗汉街道,2011021,白金湾小区28号楼,宁波市远策置业有限公司,6,0
慈溪市,宗汉街道,2011021,白金湾小区27号楼,宁波市远策置业有限公司,4,2
慈溪市,宗汉街道,2011021,白金湾小区26号楼,宁波市远策置业有限公司,0,0
慈溪市,宗汉街道,2011021,白金湾小区25号楼,宁波市远策置业有限公司,0,0
慈溪市,宗汉街道,2011021,白金湾小区23号楼,宁波市远策置业有限公司,0,0
慈溪市,宗汉街道,2011021,白金湾小区22号楼,宁波市远策置业有限公司,0,0
慈溪市,宗汉街道,2011021,白金湾小区21号楼,宁波市远策置业有限公司,6,4
慈溪市,宗汉街道,2011021,白金湾小区20号楼,宁波市远策置业有限公司,4,0
慈溪市,宗汉街道,2011021,白金湾小区19号楼,宁波市远策置业有限公司,0,0
慈溪市,宗汉街道,2011021,白金湾小区18号楼,宁波市远策置业有限公司,0,0
慈溪市,宗汉街道,2011021,白金湾小区17号楼,宁波市远策置业有限公司,0,0
慈溪市,宗汉街道,2011021,白金湾小区16号楼,宁波市远策置业有限公司,0,0
慈溪市,宗汉街道,2011021,白金湾小区15号楼,宁波市远策置业有限公司,0,0
慈溪市,宗汉街道,2011021,白金湾小区13号楼,宁波市远策置业有限公司,0,0
慈溪市,宗汉街道,2011021,白金湾小区12号楼,宁波市远策置业有限公司,0,0
慈溪市,宗汉街道,2011021,白金湾小区11号楼,宁波市远策置业有限公司,0,0
慈溪市,宗汉街道,2011021,白金湾小区10号楼,宁波市远策置业有限公司,0,0
慈溪市,宗汉街道,2011021,白金湾小区9号楼,宁波市远策置业有限公司,0,0
慈溪市,宗汉街道,2011021,白金湾小区8号楼,宁波市远策置业有限公司,100,44
慈溪市,宗汉街道,2011021,白金湾小区7号楼,宁波市远策置业有限公司,0,0
慈溪市,宗汉街道,2011021,白金湾小区6号楼,宁波市远策置业有限公司,0,0
慈溪市,宗汉街道,2011021,白金湾小区5号楼,宁波市远策置业有限公司,36,19
慈溪市,宗汉街道,2011021,白金湾小区3号楼,宁波市远策置业有限公司,131,43
慈溪市,宗汉街道,2011021,白金湾小区2号楼,宁波市远策置业有限公司,118,47
慈溪市,宗汉街道,2011021,白金湾小区1号楼,宁波市远策置业有限公司,107,76
慈溪市,宗汉街道,2011022,双只ㄔ1号地下室,慈溪金轮梵石房地产有限公司,541,29
慈溪市,宗汉街道,2011022,双只ㄔ17号楼,慈溪金轮梵石房地产有限公司,14,3
慈溪市,宗汉街道,2011022,双只ㄔ16号楼,慈溪金轮梵石房地产有限公司,12,0
慈溪市,宗汉街道,2011022,双只ㄔ15号楼,慈溪金轮梵石房地产有限公司,14,6
慈溪市,宗汉街道,2011022,双只ㄔ13号楼,慈溪金轮梵石房地产有限公司,14,0
慈溪市,宗汉街道,2011022,双只ㄔ12号楼,慈溪金轮梵石房地产有限公司,12,0
慈溪市,宗汉街道,2011022,双只ㄔ10号楼,慈溪金轮梵石房地产有限公司,12,0
慈溪市,宗汉街道,2011022,双只ㄔ9号楼,慈溪金轮梵石房地产有限公司,0,0
慈溪市,宗汉街道,2011022,双只ㄔ7号楼,慈溪金轮梵石房地产有限公司,12,0
慈溪市,宗汉街道,2011022,双只ㄔ6号楼,慈溪金轮梵石房地产有限公司,12,0
慈溪市,宗汉街道,2011022,双只ㄔ5号楼,慈溪金轮梵石房地产有限公司,12,0
慈溪市,宗汉街道,2011022,双只ㄔ3号楼,慈溪金轮梵石房地产有限公司,12,0
慈溪市,宗汉街道,2011022,双只ㄔ2号楼,慈溪金轮梵石房地产有限公司,10,0
慈溪市,宗汉街道,2011022,双只ㄔ1号楼,慈溪金轮梵石房地产有限公司,10,0
慈溪市,古塘街道,2011018,联盛大厦地下室,慈溪联盛置业发展有限公司,7,0
慈溪市,古塘街道,2011018,联盛大厦,慈溪联盛置业发展有限公司,883,703
慈溪市,观海卫镇,2011203,嘉润购物中心地下室,宁波市嘉润置业有限公司,713,0
慈溪市,观海卫镇,2011203,嘉润购物中心,宁波市嘉润置业有限公司,1242,640
慈溪市,坎墩街道,2011017,鸿悦花苑3号门卫,慈溪金启房地产开发有限公司,1,0
慈溪市,坎墩街道,2011017,鸿悦花苑1号门卫,慈溪金启房地产开发有限公司,1,0
慈溪市,坎墩街道,2011017,鸿悦花苑3号配电间,慈溪金启房地产开发有限公司,1,0
慈溪市,坎墩街道,2011017,鸿悦花苑2号配电间,慈溪金启房地产开发有限公司,1,0
慈溪市,古塘街道,2011017,鸿悦花苑1号配电间,慈溪金启房地产开发有限公司,1,0
慈溪市,坎墩街道,2011017,鸿悦花苑2号地下室,慈溪金启房地产开发有限公司,634,100
慈溪市,坎墩街道,2011017,鸿悦花苑1号地下室,慈溪金启房地产开发有限公司,240,128
慈溪市,坎墩街道,2011017,鸿悦花苑24号楼,慈溪金启房地产开发有限公司,4,1
慈溪市,坎墩街道,2011017,鸿悦花苑23号楼,慈溪金启房地产开发有限公司,4,1
慈溪市,坎墩街道,2011017,鸿悦花苑22号楼,慈溪金启房地产开发有限公司,4,2
慈溪市,坎墩街道,2011017,鸿悦花苑21号楼,慈溪金启房地产开发有限公司,6,2
慈溪市,坎墩街道,2011017,鸿悦花苑20号楼,慈溪金启房地产开发有限公司,6,1
慈溪市,坎墩街道,2011017,鸿悦花苑19号楼,慈溪金启房地产开发有限公司,6,4
慈溪市,坎墩街道,2011017,鸿悦花苑18号楼,慈溪金启房地产开发有限公司,6,5
慈溪市,坎墩街道,2011017,鸿悦花苑17号楼,慈溪金启房地产开发有限公司,6,2
慈溪市,坎墩街道,2011017,鸿悦花苑16号楼,慈溪金启房地产开发有限公司,6,5
慈溪市,坎墩街道,2011017,鸿悦花苑15号楼,慈溪金启房地产开发有限公司,6,3
慈溪市,坎墩街道,2011017,鸿悦花苑14号楼,慈溪金启房地产开发有限公司,6,1
慈溪市,坎墩街道,2011017,鸿悦花苑13号楼,慈溪金启房地产开发有限公司,6,1
慈溪市,坎墩街道,2011017,鸿悦花苑12号楼,慈溪金启房地产开发有限公司,6,4
慈溪市,坎墩街道,2011017,鸿悦花苑11号楼,慈溪金启房地产开发有限公司,4,1
慈溪市,坎墩街道,2011017,鸿悦花苑10号楼,慈溪金启房地产开发有限公司,6,5
慈溪市,坎墩街道,2011017,鸿悦花苑9号楼,慈溪金启房地产开发有限公司,6,5
慈溪市,坎墩街道,2011017,鸿悦花苑2号楼,慈溪金启房地产开发有限公司,78,67
慈溪市,坎墩街道,2011017,鸿悦花苑1号楼,慈溪金启房地产开发有限公司,72,64
慈溪市,掌起镇,2011016,掌起华庭4号楼5号楼地下室,宁波余慈置业有限公司,24,3
慈溪市,浒山街道,2011015,枫华富地花园地下室,慈溪市泰兴房地产有限公司,156,76
慈溪市,浒山街道,2011015,枫华富地花园15号楼,慈溪市泰兴房地产有限公司,20,13
慈溪市,浒山街道,2011015,枫华富地花园14号楼,慈溪市泰兴房地产有限公司,18,13
慈溪市,浒山街道,2011015,枫华富地花园13号楼,慈溪市泰兴房地产有限公司,67,46
慈溪市,掌起镇,2011016,掌起华庭1号楼2号楼地下室,宁波余慈置业有限公司,52,6
慈溪市,掌起镇,2011016,掌起华庭5号楼,宁波余慈置业有限公司,17,3
慈溪市,掌起镇,2011016,掌起华庭4号楼,宁波余慈置业有限公司,31,4
慈溪市,掌起镇,2011016,掌起华庭3号楼,宁波余慈置业有限公司,17,0
慈溪市,掌起镇,2011016,掌起华庭2号楼,宁波余慈置业有限公司,36,7
慈溪市,掌起镇,2011016,掌起华庭1号楼,宁波余慈置业有限公司,58,21
慈溪市,坎墩街道,2011014,橡树湾小区36号楼,华润置地（宁波）发展有限公司,40,11
慈溪市,坎墩街道,2011014,橡树湾小区北地块地下室,华润置地（宁波）发展有限公司,844,78
慈溪市,坎墩街道,2011014,橡树湾小区40号楼,华润置地（宁波）发展有限公司,96,12
慈溪市,坎墩街道,2011014,橡树湾小区37号楼,华润置地（宁波）发展有限公司,58,0
慈溪市,坎墩街道,2011014,橡树湾小区35号楼,华润置地（宁波）发展有限公司,58,1
慈溪市,坎墩街道,2011014,橡树湾小区34号楼,华润置地（宁波）发展有限公司,58,1
慈溪市,坎墩街道,2011014,橡树湾小区33号楼,华润置地（宁波）发展有限公司,58,3
慈溪市,坎墩街道,2011014,橡树湾小区32号楼,华润置地（宁波）发展有限公司,40,8
慈溪市,坎墩街道,2011014,橡树湾小区31号楼,华润置地（宁波）发展有限公司,58,15
慈溪市,观海卫镇,2011202,尚南华庭4号地下室,宁波金峰房地产开发有限公司,97,74
慈溪市,观海卫镇,2011202,尚南华庭33号楼,宁波金峰房地产开发有限公司,80,38
慈溪市,观海卫镇,2011202,尚南华庭32号楼,宁波金峰房地产开发有限公司,40,39
慈溪市,观海卫镇,2011202,尚南华庭31号楼,宁波金峰房地产开发有限公司,54,43
慈溪市,杭州湾新区,2011101,上湾小区4号楼,宁波深慈商房地产开发有限公司,54,45
慈溪市,杭州湾新区,2011101,上湾小区6号楼,宁波深慈商房地产开发有限公司,80,74
慈溪市,杭州湾新区,2011101,上湾小区5号楼,宁波深慈商房地产开发有限公司,22,13
慈溪市,杭州湾新区,2011101,上湾小区3号楼,宁波深慈商房地产开发有限公司,26,13
慈溪市,杭州湾新区,2011101,上湾小区2号楼,宁波深慈商房地产开发有限公司,20,12
慈溪市,杭州湾新区,2011101,上湾小区1号楼,宁波深慈商房地产开发有限公司,18,12
慈溪市,周巷镇,2011402,丰泽湾公寓配电房,宁波惠鹏置业有限公司,0,0
慈溪市,周巷镇,2011402,丰泽湾公寓地下室,宁波惠鹏置业有限公司,319,132
慈溪市,周巷镇,2011402,丰泽湾公寓3号楼,宁波惠鹏置业有限公司,126,69
慈溪市,周巷镇,2011402,丰泽湾公寓2号楼,宁波惠鹏置业有限公司,101,53
慈溪市,周巷镇,2011402,丰泽湾公寓1号楼,宁波惠鹏置业有限公司,119,73
慈溪市,长河镇,2011013,天一商住楼,慈溪市微亚达房地产有限公司,17,2
慈溪市,宗汉街道,2011012,大观Z园地下室,慈溪金苑置业有限公司,127,21
慈溪市,宗汉街道,2011012,大观Z园物管房,慈溪金苑置业有限公司,0,0
慈溪市,宗汉街道,2011012,大观Z园2号配电房,慈溪金苑置业有限公司,0,0
慈溪市,宗汉街道,2011012,大观Z园1号配电房,慈溪金苑置业有限公司,0,0
慈溪市,宗汉街道,2011012,大观Z园门卫,慈溪金苑置业有限公司,0,0
慈溪市,宗汉街道,2011012,大观Z园4号楼,慈溪金苑置业有限公司,14,1
慈溪市,宗汉街道,2011012,大观Z园5号楼,慈溪金苑置业有限公司,42,22
慈溪市,宗汉街道,2011012,大观Z园3号楼,慈溪金苑置业有限公司,14,4
慈溪市,宗汉街道,2011012,大观Z园2号楼,慈溪金苑置业有限公司,40,30
慈溪市,宗汉街道,2011012,大观Z园1号楼,慈溪金苑置业有限公司,33,10
慈溪市,古塘街道,2011009,太子湾小区36号~38号楼,宁波维科置业有限公司慈溪分公司,3,3
慈溪市,古塘街道,2011009,太子湾小区43号~46号楼,宁波维科置业有限公司慈溪分公司,4,2
慈溪市,古塘街道,2011009,太子湾小区55号~58号楼,宁波维科置业有限公司慈溪分公司,4,3
慈溪市,古塘街道,2011009,太子湾小区50号~53号楼,宁波维科置业有限公司慈溪分公司,4,4
慈溪市,古塘街道,2011009,太子湾小区59号~62号楼,宁波维科置业有限公司慈溪分公司,4,4
慈溪市,古塘街道,2011009,太子湾小区地下室,宁波维科置业有限公司慈溪分公司,386,225
慈溪市,古塘街道,2011009,太子湾小区门卫2,宁波维科置业有限公司慈溪分公司,0,0
慈溪市,古塘街道,2011009,太子湾小区门卫1,宁波维科置业有限公司慈溪分公司,0,0
慈溪市,古塘街道,2011009,太子湾小区68号~71号楼,宁波维科置业有限公司慈溪分公司,4,2
慈溪市,古塘街道,2011009,太子湾小区63号、65~67号楼,宁波维科置业有限公司慈溪分公司,4,3
慈溪市,古塘街道,2011009,太子湾小区47号~49号楼,宁波维科置业有限公司慈溪分公司,3,2
慈溪市,古塘街道,2011009,太子湾小区39号~42号楼,宁波维科置业有限公司慈溪分公司,4,4
慈溪市,古塘街道,2011009,太子湾小区32号~33号、35号楼,宁波维科置业有限公司慈溪分公司,3,3
慈溪市,古塘街道,2011009,太子湾小区28号~31号楼,宁波维科置业有限公司慈溪分公司,4,2
慈溪市,古塘街道,2011009,太子湾小区25号~27号楼,宁波维科置业有限公司慈溪分公司,3,2
慈溪市,古塘街道,2011009,太子湾小区20号~23号楼,宁波维科置业有限公司慈溪分公司,4,2
慈溪市,古塘街道,2011009,太子湾小区16号~19号楼,宁波维科置业有限公司慈溪分公司,4,2
慈溪市,古塘街道,2011009,太子湾小区11号~13号、15号楼,宁波维科置业有限公司慈溪分公司,4,3
慈溪市,古塘街道,2011009,太子湾小区10号楼,宁波维科置业有限公司慈溪分公司,123,71
慈溪市,古塘街道,2011009,太子湾小区9号楼,宁波维科置业有限公司慈溪分公司,124,87
慈溪市,古塘街道,2011009,太子湾小区8号楼,宁波维科置业有限公司慈溪分公司,64,47
慈溪市,古塘街道,2011009,太子湾小区6、7号楼,宁波维科置业有限公司慈溪分公司,54,22
慈溪市,古塘街道,2011009,太子湾小区5号楼,宁波维科置业有限公司慈溪分公司,64,26
慈溪市,古塘街道,2011009,太子湾小区4号楼,宁波维科置业有限公司慈溪分公司,95,77
慈溪市,古塘街道,2011009,太子湾小区3号楼,宁波维科置业有限公司慈溪分公司,54,44
慈溪市,古塘街道,2011009,太子湾小区2号楼,宁波维科置业有限公司慈溪分公司,64,53
慈溪市,古塘街道,2011009,太子湾小区1号楼,宁波维科置业有限公司慈溪分公司,32,25
慈溪市,宗汉街道,2011010,柏顿嘉园15号楼,宁波金轮通和置业有限公司,4,2
慈溪市,宗汉街道,2011010,柏顿嘉园10号楼,宁波金轮通和置业有限公司,10,2
慈溪市,宗汉街道,2011010,柏顿嘉园9号楼,宁波金轮通和置业有限公司,4,0
慈溪市,宗汉街道,2011010,柏顿嘉园8号楼,宁波金轮通和置业有限公司,8,0
慈溪市,宗汉街道,2011010,柏顿嘉园7号楼,宁波金轮通和置业有限公司,12,0
慈溪市,浒山街道,2011011,银桂苑地下室,宁波美华实业有限公司,244,117
慈溪市,浒山街道,2011011,银桂苑3号楼,宁波美华实业有限公司,90,33
慈溪市,浒山街道,2011011,银桂苑1、2号楼,宁波美华实业有限公司,98,79
慈溪市,龙山镇,2011301,香湖丹堤花园门卫1号楼,宁波雅戈尔达蓬山旅游投资开发有限公司,0,0
慈溪市,龙山镇,2011301,香湖丹堤花园门卫2号楼,宁波雅戈尔达蓬山旅游投资开发有限公司,0,0
慈溪市,龙山镇,2011301,香湖丹堤花园9号服务用房,宁波雅戈尔达蓬山旅游投资开发有限公司,0,0
慈溪市,龙山镇,2011301,香湖丹堤花园8号变电所,宁波雅戈尔达蓬山旅游投资开发有限公司,0,0
慈溪市,龙山镇,2011301,香湖丹堤花园7号变电所,宁波雅戈尔达蓬山旅游投资开发有限公司,0,0
慈溪市,龙山镇,2011301,香湖丹堤花园246号楼,宁波雅戈尔达蓬山旅游投资开发有限公司,2,2
慈溪市,龙山镇,2011301,香湖丹堤花园245号楼,宁波雅戈尔达蓬山旅游投资开发有限公司,2,0
慈溪市,龙山镇,2011301,香湖丹堤花园241号楼,宁波雅戈尔达蓬山旅游投资开发有限公司,2,2
慈溪市,龙山镇,2011301,香湖丹堤花园292号楼,宁波雅戈尔达蓬山旅游投资开发有限公司,0,0
慈溪市,龙山镇,2011301,香湖丹堤花园291号楼,宁波雅戈尔达蓬山旅游投资开发有限公司,0,0
慈溪市,龙山镇,2011301,香湖丹堤花园311号~313号、315号~317号楼,宁波雅戈尔达蓬山旅游投资开发有限公司,12,12
慈溪市,龙山镇,2011301,香湖丹堤花园307号~310号楼,宁波雅戈尔达蓬山旅游投资开发有限公司,8,8
慈溪市,龙山镇,2011301,香湖丹堤花园300号~303号、305号、306号楼,宁波雅戈尔达蓬山旅游投资开发有限公司,12,12
慈溪市,龙山镇,2011301,香湖丹堤花园293号、295号~299号楼,宁波雅戈尔达蓬山旅游投资开发有限公司,12,12
慈溪市,龙山镇,2011301,香湖丹堤花园287号楼,宁波雅戈尔达蓬山旅游投资开发有限公司,2,2
慈溪市,龙山镇,2011301,香湖丹堤花园286号楼,宁波雅戈尔达蓬山旅游投资开发有限公司,2,2
慈溪市,龙山镇,2011301,香湖丹堤花园285号楼,宁波雅戈尔达蓬山旅游投资开发有限公司,2,2
慈溪市,龙山镇,2011301,香湖丹堤花园283号楼,宁波雅戈尔达蓬山旅游投资开发有限公司,2,0
慈溪市,龙山镇,2011301,香湖丹堤花园282号楼,宁波雅戈尔达蓬山旅游投资开发有限公司,2,2
慈溪市,龙山镇,2011301,香湖丹堤花园281号楼,宁波雅戈尔达蓬山旅游投资开发有限公司,2,2
慈溪市,龙山镇,2011301,香湖丹堤花园280号楼,宁波雅戈尔达蓬山旅游投资开发有限公司,2,2
慈溪市,龙山镇,2011301,香湖丹堤花园273号楼,宁波雅戈尔达蓬山旅游投资开发有限公司,2,0
慈溪市,龙山镇,2011301,香湖丹堤花园272号楼,宁波雅戈尔达蓬山旅游投资开发有限公司,2,0
慈溪市,龙山镇,2011301,香湖丹堤花园271号楼,宁波雅戈尔达蓬山旅游投资开发有限公司,2,0
慈溪市,龙山镇,2011301,香湖丹堤花园270号楼,宁波雅戈尔达蓬山旅游投资开发有限公司,2,2
慈溪市,龙山镇,2011301,香湖丹堤花园269号楼,宁波雅戈尔达蓬山旅游投资开发有限公司,2,2
慈溪市,龙山镇,2011301,香湖丹堤花园268号楼,宁波雅戈尔达蓬山旅游投资开发有限公司,2,2
慈溪市,龙山镇,2011301,香湖丹堤花园267号楼,宁波雅戈尔达蓬山旅游投资开发有限公司,2,2
慈溪市,龙山镇,2011301,香湖丹堤花园260号楼,宁波雅戈尔达蓬山旅游投资开发有限公司,2,0
慈溪市,龙山镇,2011301,香湖丹堤花园259号楼,宁波雅戈尔达蓬山旅游投资开发有限公司,2,2
慈溪市,龙山镇,2011301,香湖丹堤花园258号楼,宁波雅戈尔达蓬山旅游投资开发有限公司,2,0
慈溪市,龙山镇,2011301,香湖丹堤花园257号楼,宁波雅戈尔达蓬山旅游投资开发有限公司,2,0
慈溪市,龙山镇,2011301,香湖丹堤花园256号楼,宁波雅戈尔达蓬山旅游投资开发有限公司,2,2
慈溪市,龙山镇,2011301,香湖丹堤花园255号楼,宁波雅戈尔达蓬山旅游投资开发有限公司,2,2
慈溪市,龙山镇,2011301,香湖丹堤花园253号楼,宁波雅戈尔达蓬山旅游投资开发有限公司,2,2
慈溪市,龙山镇,2011301,香湖丹堤花园247号楼,宁波雅戈尔达蓬山旅游投资开发有限公司,2,2
慈溪市,龙山镇,2011301,香湖丹堤花园243号楼,宁波雅戈尔达蓬山旅游投资开发有限公司,2,0
慈溪市,龙山镇,2011301,香湖丹堤花园242号楼,宁波雅戈尔达蓬山旅游投资开发有限公司,2,2
慈溪市,龙山镇,2011301,香湖丹堤花园240号楼,宁波雅戈尔达蓬山旅游投资开发有限公司,2,2
慈溪市,龙山镇,2011301,香湖丹堤花园239号楼,宁波雅戈尔达蓬山旅游投资开发有限公司,2,2
慈溪市,龙山镇,2011301,香湖丹堤花园232号楼,宁波雅戈尔达蓬山旅游投资开发有限公司,2,2
慈溪市,龙山镇,2011301,香湖丹堤花园231号楼,宁波雅戈尔达蓬山旅游投资开发有限公司,2,2
慈溪市,龙山镇,2011301,香湖丹堤花园230号楼,宁波雅戈尔达蓬山旅游投资开发有限公司,2,2
慈溪市,龙山镇,2011301,香湖丹堤花园217号楼,宁波雅戈尔达蓬山旅游投资开发有限公司,18,18
慈溪市,龙山镇,2011301,香湖丹堤花园216号楼,宁波雅戈尔达蓬山旅游投资开发有限公司,18,16
慈溪市,龙山镇,2011301,香湖丹堤花园191号楼,宁波雅戈尔达蓬山旅游投资开发有限公司,2,0
慈溪市,龙山镇,2011301,香湖丹堤花园190号楼,宁波雅戈尔达蓬山旅游投资开发有限公司,2,0
慈溪市,龙山镇,2011301,香湖丹堤花园189号楼,宁波雅戈尔达蓬山旅游投资开发有限公司,2,2
慈溪市,龙山镇,2011301,香湖丹堤花园188号楼,宁波雅戈尔达蓬山旅游投资开发有限公司,2,2
慈溪市,龙山镇,2011301,香湖丹堤花园187号楼,宁波雅戈尔达蓬山旅游投资开发有限公司,2,2
慈溪市,龙山镇,2011301,香湖丹堤花园186号楼,宁波雅戈尔达蓬山旅游投资开发有限公司,2,0
慈溪市,龙山镇,2011301,香湖丹堤花园185号楼,宁波雅戈尔达蓬山旅游投资开发有限公司,2,0
慈溪市,龙山镇,2011301,香湖丹堤花园183号楼,宁波雅戈尔达蓬山旅游投资开发有限公司,2,0
慈溪市,龙山镇,2011301,香湖丹堤花园160号楼,宁波雅戈尔达蓬山旅游投资开发有限公司,2,0
慈溪市,龙山镇,2011301,香湖丹堤花园159号楼,宁波雅戈尔达蓬山旅游投资开发有限公司,2,2
慈溪市,龙山镇,2011301,香湖丹堤花园158号楼,宁波雅戈尔达蓬山旅游投资开发有限公司,2,2
慈溪市,龙山镇,2011301,香湖丹堤花园157号楼,宁波雅戈尔达蓬山旅游投资开发有限公司,2,2
慈溪市,龙山镇,2011301,香湖丹堤花园156号楼,宁波雅戈尔达蓬山旅游投资开发有限公司,2,2
慈溪市,龙山镇,2011301,香湖丹堤花园155号楼,宁波雅戈尔达蓬山旅游投资开发有限公司,2,2
慈溪市,龙山镇,2011301,香湖丹堤花园153号楼,宁波雅戈尔达蓬山旅游投资开发有限公司,2,0
慈溪市,龙山镇,2011301,香湖丹堤花园152号楼,宁波雅戈尔达蓬山旅游投资开发有限公司,2,2
慈溪市,龙山镇,2011301,香湖丹堤花园133号楼,宁波雅戈尔达蓬山旅游投资开发有限公司,2,0
慈溪市,龙山镇,2011301,香湖丹堤花园132号楼,宁波雅戈尔达蓬山旅游投资开发有限公司,2,0
慈溪市,龙山镇,2011301,香湖丹堤花园131号楼,宁波雅戈尔达蓬山旅游投资开发有限公司,2,2
慈溪市,龙山镇,2011301,香湖丹堤花园130号楼,宁波雅戈尔达蓬山旅游投资开发有限公司,2,0
慈溪市,龙山镇,2011301,香湖丹堤花园129号楼,宁波雅戈尔达蓬山旅游投资开发有限公司,2,0
慈溪市,龙山镇,2011301,香湖丹堤花园128号楼,宁波雅戈尔达蓬山旅游投资开发有限公司,2,2
慈溪市,龙山镇,2011301,香湖丹堤花园127号楼,宁波雅戈尔达蓬山旅游投资开发有限公司,2,0
慈溪市,龙山镇,2011301,香湖丹堤花园126号楼,宁波雅戈尔达蓬山旅游投资开发有限公司,2,2
慈溪市,周巷镇,2011401,金府华庭环网站,慈溪久丰房地产开发有限公司,0,0
慈溪市,周巷镇,2011401,金府华庭13号楼,慈溪久丰房地产开发有限公司,116,59
慈溪市,周巷镇,2011401,金府华庭7号楼,慈溪久丰房地产开发有限公司,20,11
慈溪市,周巷镇,2011401,金府华庭6号楼,慈溪久丰房地产开发有限公司,20,11
慈溪市,周巷镇,2011401,金府华庭3号楼,慈溪久丰房地产开发有限公司,5,1
慈溪市,周巷镇,2011401,金府华庭1号楼,慈溪久丰房地产开发有限公司,15,12
慈溪市,白沙路街道,2011008,水晶大厦2号地下室,慈溪市飞龙房地产开发有限公司,72,59
慈溪市,白沙路街道,2011008,水晶大厦2号楼,慈溪市飞龙房地产开发有限公司,51,38
慈溪市,白沙路街道,2011008,水晶大厦1号地下室,慈溪市飞龙房地产开发有限公司,0,0
慈溪市,白沙路街道,2011008,水晶大厦1号楼,慈溪市飞龙房地产开发有限公司,53,28
慈溪市,观海卫镇,2011201,华顺大厦,慈溪市顺益置业有限公司,81,28
慈溪市,宗汉街道,2011007,星光家园2期290号楼,慈溪市建设投资集团有限公司,66,60
慈溪市,宗汉街道,2011007,星光家园2期289号楼,慈溪市建设投资集团有限公司,86,83
慈溪市,宗汉街道,2011007,星光家园2期288号楼,慈溪市建设投资集团有限公司,86,0
慈溪市,宗汉街道,2011007,星光家园2期287号楼,慈溪市建设投资集团有限公司,66,0
慈溪市,宗汉街道,2011007,星光家园2期286号楼,慈溪市建设投资集团有限公司,60,0
慈溪市,宗汉街道,2011007,星光家园2期285号楼,慈溪市建设投资集团有限公司,66,0
慈溪市,宗汉街道,2011007,星光家园2期284号楼,慈溪市建设投资集团有限公司,22,13
慈溪市,宗汉街道,2011007,星光家园2期283号楼,慈溪市建设投资集团有限公司,22,0
慈溪市,宗汉街道,2011007,星光家园2期282号楼,慈溪市建设投资集团有限公司,44,37
慈溪市,宗汉街道,2011007,星光家园2期281号楼,慈溪市建设投资集团有限公司,65,57
慈溪市,宗汉街道,2011007,星光家园2期279号楼,慈溪市建设投资集团有限公司,33,23
慈溪市,宗汉街道,2011007,星光家园2期278号楼,慈溪市建设投资集团有限公司,80,76
慈溪市,宗汉街道,2011007,星光家园2期277号楼,慈溪市建设投资集团有限公司,33,20
慈溪市,坎墩街道,2011006,橡树湾小区北地块门卫,华润置地（宁波）发展有限公司,0,0
慈溪市,坎墩街道,2011006,橡树湾小区27号楼,华润置地（宁波）发展有限公司,0,0
慈溪市,坎墩街道,2011006,橡树湾小区39号楼,华润置地（宁波）发展有限公司,137,111
慈溪市,坎墩街道,2011006,橡树湾小区38号楼,华润置地（宁波）发展有限公司,58,6
慈溪市,坎墩街道,2011006,橡树湾小区30号楼,华润置地（宁波）发展有限公司,58,49
慈溪市,坎墩街道,2011006,橡树湾小区29号楼,华润置地（宁波）发展有限公司,40,40
慈溪市,坎墩街道,2011006,橡树湾小区28号楼,华润置地（宁波）发展有限公司,58,51
慈溪市,坎墩街道,2011006,橡树湾小区26号楼,华润置地（宁波）发展有限公司,18,4
慈溪市,坎墩街道,2011006,橡树湾小区25号楼,华润置地（宁波）发展有限公司,18,6
慈溪市,匡堰镇,2011005,中迈商务楼,宁波白马房地产开发有限公司,18,11
慈溪市,坎墩街道,2011002,金水湾花园配电室,慈溪市城市发展有限公司,0,0
慈溪市,坎墩街道,2011002,金水湾花园配电室,慈溪市城市发展有限公司,0,0
慈溪市,坎墩街道,2011002,金水湾花园配电室,慈溪市城市发展有限公司,0,0
慈溪市,坎墩街道,2011002,金水湾花园配电室,慈溪市城市发展有限公司,0,0
慈溪市,坎墩街道,2011002,金水湾花园门卫,慈溪市城市发展有限公司,0,0
慈溪市,坎墩街道,2011002,金水湾花园幼儿园,慈溪市城市发展有限公司,0,0
慈溪市,坎墩街道,2011002,金水湾花园超市,慈溪市城市发展有限公司,1,0
慈溪市,坎墩街道,2011002,金水湾花园商业综合楼,慈溪市城市发展有限公司,16,0
慈溪市,坎墩街道,2011002,金水湾花园商业楼,慈溪市城市发展有限公司,9,0
慈溪市,浒山街道,2011003,玫瑰园幼儿园,慈溪绿城投资置业有限公司,0,0
慈溪市,浒山街道,2011003,玫瑰园综合楼,慈溪绿城投资置业有限公司,1,0
慈溪市,白沙路街道,2011004,慈溪财富中心地下室,慈溪市工业品批发市场经营服务有限公司,1080,210
慈溪市,白沙路街道,2011004,慈溪财富中心,慈溪市工业品批发市场经营服务有限公司,640,370
慈溪市,浒山街道,2011003,玫瑰园19号楼,慈溪绿城投资置业有限公司,42,18
慈溪市,浒山街道,2011003,玫瑰园18号楼,慈溪绿城投资置业有限公司,42,28
慈溪市,浒山街道,2011003,玫瑰园17号楼,慈溪绿城投资置业有限公司,40,21
慈溪市,浒山街道,2011003,玫瑰园16号楼,慈溪绿城投资置业有限公司,29,5
慈溪市,浒山街道,2011003,玫瑰园15号楼,慈溪绿城投资置业有限公司,42,34
慈溪市,浒山街道,2011003,玫瑰园12号楼,慈溪绿城投资置业有限公司,42,34
慈溪市,宗汉街道,2011001,天赐家园地下室,慈溪经房置业有限公司,59,30
慈溪市,宗汉街道,2011001,天赐家园配电房,慈溪经房置业有限公司,0,0
慈溪市,宗汉街道,2011001,天赐家园门卫、物业用房,慈溪经房置业有限公司,0,0
慈溪市,宗汉街道,2011001,天赐家园6号楼,慈溪经房置业有限公司,44,36
慈溪市,宗汉街道,2011001,天赐家园5号楼,慈溪经房置业有限公司,90,71
慈溪市,宗汉街道,2011001,天赐家园4号楼,慈溪经房置业有限公司,6,0
慈溪市,宗汉街道,2011001,天赐家园3号楼,慈溪经房置业有限公司,18,1
慈溪市,宗汉街道,2011001,天赐家园2号楼,慈溪经房置业有限公司,6,2
慈溪市,宗汉街道,2011001,天赐家园1号楼,慈溪经房置业有限公司,89,75
慈溪市,宗汉街道,2010026,柏顿嘉园3号楼,宁波金轮通和置业有限公司,3,1
慈溪市,宗汉街道,2010026,柏顿嘉园B区地下室,宁波金轮通和置业有限公司,192,142
慈溪市,宗汉街道,2010026,柏顿嘉园A区地下室,宁波金轮通和置业有限公司,204,133
慈溪市,宗汉街道,2010026,柏顿嘉园22号楼,宁波金轮通和置业有限公司,20,13
慈溪市,宗汉街道,2010026,柏顿嘉园21号楼,宁波金轮通和置业有限公司,24,19
慈溪市,宗汉街道,2010026,柏顿嘉园20号楼,宁波金轮通和置业有限公司,28,20
慈溪市,宗汉街道,2010026,柏顿嘉园19号楼,宁波金轮通和置业有限公司,28,23
慈溪市,宗汉街道,2010026,柏顿嘉园18号楼,宁波金轮通和置业有限公司,4,0
慈溪市,宗汉街道,2010026,柏顿嘉园17号楼,宁波金轮通和置业有限公司,4,4
慈溪市,宗汉街道,2010026,柏顿嘉园16号楼,宁波金轮通和置业有限公司,4,2
慈溪市,宗汉街道,2010026,柏顿嘉园14号楼,宁波金轮通和置业有限公司,11,0
慈溪市,宗汉街道,2010026,柏顿嘉园13号楼,宁波金轮通和置业有限公司,4,0
慈溪市,宗汉街道,2010026,柏顿嘉园12号楼,宁波金轮通和置业有限公司,8,4
慈溪市,宗汉街道,2010026,柏顿嘉园11号楼,宁波金轮通和置业有限公司,13,5
慈溪市,宗汉街道,2010026,柏顿嘉园6号楼,宁波金轮通和置业有限公司,8,2
慈溪市,宗汉街道,2010026,柏顿嘉园5号楼,宁波金轮通和置业有限公司,8,2
慈溪市,宗汉街道,2010026,柏顿嘉园4号楼,宁波金轮通和置业有限公司,103,92
慈溪市,宗汉街道,2010026,柏顿嘉园2号楼,宁波金轮通和置业有限公司,100,78
慈溪市,宗汉街道,2010026,柏顿嘉园1号楼,宁波金轮通和置业有限公司,48,40
慈溪市,周巷镇,2010025,金府华庭地下室,慈溪久丰房地产开发有限公司,405,328
慈溪市,周巷镇,2010025,金府华庭12号楼,慈溪久丰房地产开发有限公司,110,100
慈溪市,周巷镇,2010025,金府华庭11号楼,慈溪久丰房地产开发有限公司,44,35
慈溪市,周巷镇,2010025,金府华庭10号楼,慈溪久丰房地产开发有限公司,44,32
慈溪市,周巷镇,2010025,金府华庭9号楼,慈溪久丰房地产开发有限公司,24,19
慈溪市,周巷镇,2010025,金府华庭8号楼,慈溪久丰房地产开发有限公司,24,20
慈溪市,周巷镇,2010025,金府华庭5号楼,慈溪久丰房地产开发有限公司,26,25
慈溪市,周巷镇,2010025,金府华庭4号楼,慈溪久丰房地产开发有限公司,16,16
慈溪市,周巷镇,2010025,金府华庭2号楼,慈溪久丰房地产开发有限公司,20,19
慈溪市,浒山街道,2010023,慈溪环球中心地下室,宁波嘉丽置业有限公司,332,69
慈溪市,浒山街道,2010023,慈溪环球中心2号楼,宁波嘉丽置业有限公司,462,171
慈溪市,浒山街道,2010023,慈溪环球中心1号楼,宁波嘉丽置业有限公司,272,154
慈溪市,长河镇,2010024,锦帆家苑配电房,慈溪伟亿房地产开发有限公司,0,0
慈溪市,长河镇,2010024,锦帆家苑3号楼,慈溪伟亿房地产开发有限公司,24,24
慈溪市,长河镇,2010024,锦帆家苑2号楼,慈溪伟亿房地产开发有限公司,24,24
慈溪市,长河镇,2010024,锦帆家苑1号楼,慈溪伟亿房地产开发有限公司,25,25
慈溪市,桥头镇,2010022,康桥家园3号地下室,慈溪友合置业有限公司,145,100
慈溪市,桥头镇,2010022,康桥家园2号地下室,慈溪友合置业有限公司,136,95
慈溪市,桥头镇,2010022,康桥家园1号地下室,慈溪友合置业有限公司,145,105
慈溪市,桥头镇,2010022,康桥家园18号楼,慈溪友合置业有限公司,58,48
慈溪市,桥头镇,2010022,康桥家园17号楼,慈溪友合置业有限公司,25,21
慈溪市,桥头镇,2010022,康桥家园16号楼,慈溪友合置业有限公司,12,5
慈溪市,桥头镇,2010022,康桥家园15号楼,慈溪友合置业有限公司,36,18
慈溪市,桥头镇,2010022,康桥家园14号楼,慈溪友合置业有限公司,16,6
慈溪市,桥头镇,2010022,康桥家园13号楼,慈溪友合置业有限公司,36,18
慈溪市,桥头镇,2010022,康桥家园12号楼,慈溪友合置业有限公司,12,9
慈溪市,桥头镇,2010022,康桥家园11号楼,慈溪友合置业有限公司,16,12
慈溪市,桥头镇,2010022,康桥家园10号楼,慈溪友合置业有限公司,10,4
慈溪市,桥头镇,2010022,康桥家园9号楼,慈溪友合置业有限公司,36,19
慈溪市,桥头镇,2010022,康桥家园8号楼,慈溪友合置业有限公司,8,2
慈溪市,桥头镇,2010022,康桥家园7号楼,慈溪友合置业有限公司,36,19
慈溪市,桥头镇,2010022,康桥家园6号楼,慈溪友合置业有限公司,12,7
慈溪市,桥头镇,2010022,康桥家园5号楼,慈溪友合置业有限公司,12,9
慈溪市,桥头镇,2010022,康桥家园4号楼,慈溪友合置业有限公司,36,19
慈溪市,桥头镇,2010022,康桥家园3号楼,慈溪友合置业有限公司,36,24
慈溪市,桥头镇,2010022,康桥家园2号楼,慈溪友合置业有限公司,12,9
慈溪市,桥头镇,2010022,康桥家园1号楼,慈溪友合置业有限公司,44,36
慈溪市,浒山街道,2010021,荣盛家园管理用房,慈溪普元置业有限公司,0,0
慈溪市,浒山街道,2010021,荣盛家园3号楼,慈溪普元置业有限公司,44,30
慈溪市,浒山街道,2010021,荣盛家园2号楼,慈溪普元置业有限公司,21,11
慈溪市,浒山街道,2010021,荣盛家园1号楼,慈溪普元置业有限公司,42,35
慈溪市,浒山街道,2010020,慈园5号楼,慈溪绿城房地产开发有限公司,84,61
慈溪市,浒山街道,2010020,慈园3号楼,慈溪绿城房地产开发有限公司,30,10
慈溪市,浒山街道,2010020,慈园2号楼,慈溪绿城房地产开发有限公司,117,80
慈溪市,浒山街道,2010020,慈园1号楼,慈溪绿城房地产开发有限公司,32,20
慈溪市,周巷镇,2010019,汇景园地下室,宁波全景置业有限公司,235,184
慈溪市,周巷镇,2010019,汇景园6号楼,宁波全景置业有限公司,48,48
慈溪市,周巷镇,2010019,汇景园5号楼,宁波全景置业有限公司,18,11
慈溪市,周巷镇,2010019,汇景园4号楼,宁波全景置业有限公司,17,10
慈溪市,周巷镇,2010019,汇景园3号楼,宁波全景置业有限公司,22,16
慈溪市,周巷镇,2010019,汇景园2号楼,宁波全景置业有限公司,22,16
慈溪市,周巷镇,2010019,汇景园1号楼,宁波全景置业有限公司,116,92
慈溪市,浒山街道,2010017,文鼎星苑地下室,宁波宝诚置业有限公司,103,89
慈溪市,浒山街道,2010017,文鼎星苑门卫,宁波宝诚置业有限公司,0,0
慈溪市,浒山街道,2010017,文鼎星苑4号楼,宁波宝诚置业有限公司,40,39
慈溪市,浒山街道,2010017,文鼎星苑3号楼,宁波宝诚置业有限公司,16,14
慈溪市,浒山街道,2010017,文鼎星苑2号楼,宁波宝诚置业有限公司,16,14
慈溪市,浒山街道,2010017,文鼎星苑1号楼,宁波宝诚置业有限公司,18,17
慈溪市,观海卫镇,2010016,尚南华庭1号地下室,宁波金峰房地产开发有限公司,63,58
慈溪市,观海卫镇,2010016,尚南华庭4号楼,宁波金峰房地产开发有限公司,40,34
慈溪市,观海卫镇,2010016,尚南华庭3号楼,宁波金峰房地产开发有限公司,60,56
慈溪市,观海卫镇,2010016,尚南华庭2号楼,宁波金峰房地产开发有限公司,40,34
慈溪市,观海卫镇,2010016,尚南华庭1号楼,宁波金峰房地产开发有限公司,40,40
慈溪市,白沙路街道,2010018,壹方大厦,慈溪市梵石置业有限公司,421,76
慈溪市,浒山街道,2010015,玫瑰园39号楼,慈溪绿城投资置业有限公司,4,4
慈溪市,浒山街道,2010015,玫瑰园38号楼,慈溪绿城投资置业有限公司,5,5
慈溪市,浒山街道,2010015,玫瑰园37号楼,慈溪绿城投资置业有限公司,5,5
慈溪市,浒山街道,2010015,玫瑰园地下室,慈溪绿城投资置业有限公司,229,222
慈溪市,横河镇,2010014,天怡嘉苑门卫,慈溪市蓝宝房地产有限公司,0,0
慈溪市,横河镇,2010014,天怡嘉苑1号地下室,慈溪市蓝宝房地产有限公司,182,169
慈溪市,横河镇,2010014,天怡嘉苑9、10号楼地下室,慈溪市蓝宝房地产有限公司,130,128
慈溪市,横河镇,2010014,天怡嘉苑10号楼,慈溪市蓝宝房地产有限公司,44,43
慈溪市,横河镇,2010014,天怡嘉苑9号楼,慈溪市蓝宝房地产有限公司,44,38
慈溪市,横河镇,2010014,天怡嘉苑5-8号楼,慈溪市蓝宝房地产有限公司,93,77
慈溪市,横河镇,2010014,天怡嘉苑1-4号楼,慈溪市蓝宝房地产有限公司,84,76
慈溪市,浒山街道,2010015,玫瑰园36号楼,慈溪绿城投资置业有限公司,4,4
慈溪市,浒山街道,2010015,玫瑰园35号楼,慈溪绿城投资置业有限公司,5,5
慈溪市,浒山街道,2010015,玫瑰园33号楼,慈溪绿城投资置业有限公司,5,5
慈溪市,浒山街道,2010015,玫瑰园32号楼,慈溪绿城投资置业有限公司,4,4
慈溪市,浒山街道,2010015,玫瑰园31号楼,慈溪绿城投资置业有限公司,4,4
慈溪市,浒山街道,2010015,玫瑰园30号楼,慈溪绿城投资置业有限公司,5,5
慈溪市,浒山街道,2010015,玫瑰园29号楼,慈溪绿城投资置业有限公司,18,17
慈溪市,浒山街道,2010015,玫瑰园28号楼,慈溪绿城投资置业有限公司,14,14
慈溪市,浒山街道,2010015,玫瑰园27号楼,慈溪绿城投资置业有限公司,4,4
慈溪市,浒山街道,2010015,玫瑰园26号楼,慈溪绿城投资置业有限公司,4,4
慈溪市,浒山街道,2010015,玫瑰园25号楼,慈溪绿城投资置业有限公司,5,5
慈溪市,浒山街道,2010015,玫瑰园23号楼,慈溪绿城投资置业有限公司,5,5
慈溪市,浒山街道,2010015,玫瑰园22号楼,慈溪绿城投资置业有限公司,5,5
慈溪市,浒山街道,2010015,玫瑰园21号楼,慈溪绿城投资置业有限公司,5,5
慈溪市,浒山街道,2010015,玫瑰园20号楼,慈溪绿城投资置业有限公司,16,16
慈溪市,白沙路街道,2010013,恒元悦府公寓地下室,恒元置业有限公司,177,0
慈溪市,白沙路街道,2010013,恒元悦府公寓2号楼,恒元置业有限公司,66,50
慈溪市,白沙路街道,2010013,恒元悦府公寓1号楼,恒元置业有限公司,55,43
慈溪市,宗汉街道,2010011,康鑫梵石花园35号楼,梵石房产开发有限公司,0,0
慈溪市,宗汉街道,2010011,康鑫梵石花园1号楼,梵石房产开发有限公司,73,15
慈溪市,白沙路街道,2010012,碧海星辰家园地下室,宁波宝诚置业有限公司,83,82
慈溪市,白沙路街道,2010012,碧海星辰家园4号楼,宁波宝诚置业有限公司,27,27
慈溪市,白沙路街道,2010012,碧海星辰家园3号楼,宁波宝诚置业有限公司,48,47
慈溪市,白沙路街道,2010012,碧海星辰家园2号楼,宁波宝诚置业有限公司,48,48
慈溪市,白沙路街道,2010012,碧海星辰家园1号楼,宁波宝诚置业有限公司,28,27
慈溪市,观海卫镇,2010010,尚南华庭23号楼,宁波金峰房地产开发有限公司,50,24
慈溪市,观海卫镇,2010010,尚南华庭21号楼,宁波金峰房地产开发有限公司,80,36
慈溪市,观海卫镇,2010010,尚南华庭20号楼,宁波金峰房地产开发有限公司,20,20
慈溪市,观海卫镇,2010010,尚南华庭19号楼,宁波金峰房地产开发有限公司,20,19
慈溪市,观海卫镇,2010010,尚南华庭18号楼,宁波金峰房地产开发有限公司,64,20
慈溪市,观海卫镇,2010010,尚南华庭15号楼,宁波金峰房地产开发有限公司,20,20
慈溪市,观海卫镇,2010009,冠城晶典花苑地下室,宁波福天置业有限公司,177,157
慈溪市,观海卫镇,2010009,冠城晶典花苑8号楼、9号楼,宁波福天置业有限公司,109,92
慈溪市,观海卫镇,2010009,冠城晶典花苑7号楼,宁波福天置业有限公司,20,20
慈溪市,观海卫镇,2010009,冠城晶典花苑6号楼,宁波福天置业有限公司,20,19
慈溪市,观海卫镇,2010009,冠城晶典花苑5号楼,宁波福天置业有限公司,17,16
慈溪市,观海卫镇,2010009,冠城晶典花苑4号楼,宁波福天置业有限公司,17,17
慈溪市,观海卫镇,2010009,冠城晶典花苑3号楼,宁波福天置业有限公司,20,20
慈溪市,观海卫镇,2010009,冠城晶典花苑2号楼,宁波福天置业有限公司,20,20
慈溪市,观海卫镇,2010009,冠城晶典花苑1号楼,宁波福天置业有限公司,57,57
慈溪市,浒山街道,2010008,慈园2号地下室,慈溪绿城房地产开发有限公司,206,130
慈溪市,浒山街道,2010008,慈园1号地下室,慈溪绿城房地产开发有限公司,158,129
慈溪市,浒山街道,2010008,慈园11号楼,慈溪绿城房地产开发有限公司,1,0
慈溪市,浒山街道,2010008,慈园10号楼,慈溪绿城房地产开发有限公司,74,56
慈溪市,浒山街道,2010008,慈园9号楼,慈溪绿城房地产开发有限公司,35,26
慈溪市,浒山街道,2010008,慈园8号楼,慈溪绿城房地产开发有限公司,34,33
慈溪市,浒山街道,2010008,慈园7号楼,慈溪绿城房地产开发有限公司,93,88
慈溪市,浒山街道,2010008,慈园6号楼,慈溪绿城房地产开发有限公司,62,57
慈溪市,浒山街道,2010008,慈园4号楼,慈溪绿城房地产开发有限公司,31,28
慈溪市,长河镇,2010007,锦江名苑地下室,宁波大展房地产开发有限公司,168,167
慈溪市,长河镇,2010007,锦江名苑11号楼,宁波大展房地产开发有限公司,28,28
慈溪市,长河镇,2010007,锦江名苑10号楼,宁波大展房地产开发有限公司,24,24
慈溪市,长河镇,2010007,锦江名苑9号楼,宁波大展房地产开发有限公司,16,16
慈溪市,长河镇,2010007,锦江名苑8号楼,宁波大展房地产开发有限公司,28,28
慈溪市,长河镇,2010007,锦江名苑7号楼,宁波大展房地产开发有限公司,24,24
慈溪市,长河镇,2010007,锦江名苑6号楼,宁波大展房地产开发有限公司,24,24
慈溪市,长河镇,2010007,锦江名苑4号楼、5号楼,宁波大展房地产开发有限公司,31,31
慈溪市,长河镇,2010007,锦江名苑3号楼,宁波大展房地产开发有限公司,16,16
慈溪市,长河镇,2010007,锦江名苑2号楼,宁波大展房地产开发有限公司,55,55
慈溪市,长河镇,2010007,锦江名苑1号楼,宁波大展房地产开发有限公司,54,54
慈溪市,掌起镇,2010006,正阳家园3号楼,慈溪市永和房地产开发有限公司,42,42
慈溪市,掌起镇,2010006,正阳家园2号楼,慈溪市永和房地产开发有限公司,16,16
慈溪市,掌起镇,2010006,正阳家园1号楼,慈溪市永和房地产开发有限公司,30,30
慈溪市,坎墩街道,2010005,金水湾花园地下室,慈溪市城市发展有限公司,1541,1197
慈溪市,坎墩街道,2010005,金水湾花园12号楼,慈溪市城市发展有限公司,71,69
慈溪市,坎墩街道,2010005,金水湾花园11号楼,慈溪市城市发展有限公司,72,58
慈溪市,坎墩街道,2010005,金水湾花园10号楼,慈溪市城市发展有限公司,108,92
慈溪市,坎墩街道,2010005,金水湾花园9号楼,慈溪市城市发展有限公司,52,45
慈溪市,坎墩街道,2010005,金水湾花园8号楼,慈溪市城市发展有限公司,52,48
慈溪市,坎墩街道,2010005,金水湾花园7号楼,慈溪市城市发展有限公司,49,46
慈溪市,坎墩街道,2010005,金水湾花园6号楼,慈溪市城市发展有限公司,32,28
慈溪市,坎墩街道,2010005,金水湾花园5号楼,慈溪市城市发展有限公司,34,22
慈溪市,坎墩街道,2010005,金水湾花园4号楼,慈溪市城市发展有限公司,36,23
慈溪市,坎墩街道,2010005,金水湾花园3号楼,慈溪市城市发展有限公司,36,24
慈溪市,坎墩街道,2010005,金水湾花园2号楼,慈溪市城市发展有限公司,36,27
慈溪市,坎墩街道,2010005,金水湾花园1号楼,慈溪市城市发展有限公司,32,24
慈溪市,坎墩街道,2010004,橡树湾小区门卫,华润置地(宁波)发展有限公司,0,0
慈溪市,坎墩街道,2010004,橡树湾小区开闭所,华润置地(宁波)发展有限公司,0,0
慈溪市,坎墩街道,2010002,橡树湾小区地下室,华润置地(宁波)发展有限公司,288,221
慈溪市,坎墩街道,2010004,橡树湾小区21号楼,华润置地(宁波)发展有限公司,48,48
慈溪市,坎墩街道,2010004,橡树湾小区19号楼,华润置地(宁波)发展有限公司,47,45
慈溪市,坎墩街道,2010004,橡树湾小区16号楼,华润置地(宁波)发展有限公司,48,48
慈溪市,坎墩街道,2010004,橡树湾小区15号楼,华润置地(宁波)发展有限公司,48,48
慈溪市,坎墩街道,2010004,橡树湾小区14号楼,华润置地(宁波)发展有限公司,48,48
慈溪市,坎墩街道,2010004,橡树湾小区13号楼,华润置地(宁波)发展有限公司,48,48
慈溪市,浒山街道,2010001,玫瑰园C组团地下室,慈溪绿城投资置业有限公司,47,43
慈溪市,浒山街道,2010003,玫瑰园11号楼,慈溪绿城投资置业有限公司,58,58
慈溪市,浒山街道,2010003,玫瑰园8号楼,慈溪绿城投资置业有限公司,30,20
慈溪市,浒山街道,2010001,玫瑰园10号楼,慈溪绿城投资置业有限公司,41,38
慈溪市,浒山街道,2010001,玫瑰园9号楼,慈溪绿城投资置业有限公司,38,38
慈溪市,浒山街道,2010003,玫瑰园7号楼,慈溪绿城投资置业有限公司,69,69
慈溪市,坎墩街道,2009022,橡树湾小区20#24#楼,华润置地(宁波)发展有限公司,91,91
慈溪市,横河镇,2009021,怡和大厦,慈溪市开宇房地产有限公司,212,176
慈溪市,观海卫镇,2009019,尚南华庭16#17#24#27#30#楼及2#地下室,宁波金峰房地产开发有限公司,491,418
慈溪市,古塘街道,2009018,美域花苑,宁波万翔房地产开发有限公司,1365,1275
慈溪市,坎墩街道,2009017,橡树湾小区17#23#楼,华润置地（宁波）发展有限公司,114,114
慈溪市,宗汉街道,2009016,康鑫梵石花园17#19#楼,梵石房产开发有限公司,51,51
慈溪市,古塘街道,2009015,金色港湾小区,宁波美华实业有限公司,1305,938
慈溪市,浒山街道,2009013,提香公寓,浙江东瑞置业有限公司,241,231
慈溪市,坎墩街道,2009012,橡树湾小区南地块11#12#18#22#楼,华润置地(宁波)发展有限公司,140,140
慈溪市,长河镇,2009014,锦茂商住楼,慈溪伟亿房地产开发有限公司,189,189
慈溪市,杭州湾新区,2009101,锦诚名仕家园,宁波民意房地产开发有限公司,42,0
慈溪市,浒山街道,2009011,玫瑰园北区1-6#楼及A组团地下室,慈溪绿城投资置业有限公司,251,244
慈溪市,宗汉街道,2009010,康鑫梵石花园32#33#楼及8#地下室,梵石房产开发有限公司,323,240
慈溪市,宗汉街道,2009009,康鑫梵石花园3#5#18#20#楼及1#地下室南区4#地下室,梵石房产开发有限公司,468,433
慈溪市,宗汉街道,2009008,康鑫梵石花园15#16#楼及1#地下室北区,梵石房产开发有限公司,449,349
慈溪市,观海卫镇,2009007,尚南华庭一期一批次,宁波金峰房地产开发有限公司,470,468
慈溪市,宗汉街道,2009006,康鑫梵石花园28#29#30#31#楼及7#地下室,梵石房产开发有限公司,258,229
慈溪市,三北镇,2009005,香湖丹堤花园一期(第二批),宁波雅戈尔达蓬山旅游投资开发有限公司,46,46
慈溪市,宗汉街道,2009003,城市桃源小区,慈溪维科精华房地产开发有限公司,757,755
慈溪市,周巷镇,2009002,天鑫家园,慈溪市周巷镇房地产开发公司,102,102
慈溪市,宗汉街道,2009001,康鑫梵石花园2号楼,梵石房产开发有限公司,0,0
慈溪市,崇寿镇,2008027,文广苑,宁波中城房地产有限公司,153,150
慈溪市,宗汉街道,2008028,新塘家园,慈溪中星房地产开发有限公司,194,194
慈溪市,宗汉街道,2008026,康鑫梵石花园36#37#38#楼,梵石房产开发有限公司,385,345
慈溪市,坎墩街道,2008023,橡树湾小区南地块1-10#楼,华润置地(宁波)发展有限公司,206,206
慈溪市,浒山街道,2008025,新境公寓,恒元置业有限公司,722,695
慈溪市,掌起镇,2008021,掌尚名筑(三期),慈溪宁盛置业有限公司,29,29
慈溪市,庵东镇,2008019,滨海龙湾小区,慈溪市中安房地产开发有限公司,363,282
慈溪市,浒山街道,2008022,和润公寓（商业部分）,慈溪市大通房地产开发有限公司,81,71
慈溪市,三北镇,2008020,香湖丹堤花园一期(第一批),宁波雅戈尔达蓬山旅游投资开发有限公司,51,51
慈溪市,浒山街道,2008018,枫华富地花园,慈溪市泰兴房地产有限公司,833,819
慈溪市,浒山街道,2008017,鸿都大厦,慈溪新城房地产发展有限公司,63,61
慈溪市,宗汉街道,2008016,康鑫梵石花园12#13#楼,梵石房产开发有限公司,273,184
慈溪市,桥头镇,2008014,桥头路256-262号(南幢)桥头路264弄1-37号(北幢),慈溪市锦河房地产开发有限公司,3,3
慈溪市,坎墩街道,2008013,清水湾二期商贸楼及地下车库,慈溪市城市发展有限公司,2,0
慈溪市,宗汉街道,2008015,康鑫梵石花园,梵石房产开发有限公司,614,549
慈溪市,浒山街道,2008012,杭湾名苑,慈溪市杭州湾大酒店有限公司,170,150
慈溪市,白沙路街道,2008011,新都明珠苑,慈溪市海路房地产有限公司,463,434
慈溪市,浒山街道,2008010,东兴苑二期,恒元置业有限公司,297,296
慈溪市,逍林镇,2008009,壹品苑,宁波兆隆置业有限公司,181,173
慈溪市,崇寿镇,2008008,中城家苑,慈溪安厦房产开发有限公司,652,650
慈溪市,古塘街道,2008007,香格国际广场1幢,宁波香格房地产开发有限公司,396,391
慈溪市,古塘街道,2008006,华胜菜市,慈溪康利房地产开发有限公司,393,266
慈溪市,胜山镇,2008005,佳美花苑商住楼,慈溪市万家房地产开发有限公司,90,90
慈溪市,庵东镇,2008002,慈溪市庵东镇邮电路140-188号,慈溪庵东镇房地产开发公司,34,34
慈溪市,古塘街道,2008004,嘉里商务大厦,宁波香格房地产开发有限公司,310,309
慈溪市,浒山街道,2008003,新都汇商务中心,慈溪维科置业有限公司,781,781
慈溪市,匡堰镇,2007008,百合家苑,慈溪友合置业有限公司,334,333
慈溪市,胜山镇,2007007,胜地名苑B区,慈溪中星房地产开发有限公司,479,479
慈溪市,浒山街道,2007006,和润公寓,慈溪市大通房地产开发有限公司,1050,1011
慈溪市,观海卫镇,2007005,贞观商厦,慈溪市鑫润房地产开发有限公司,52,52
慈溪市,浒山街道,2007004,时代华都,慈溪市华泰房产开发有限公司,371,371
慈溪市,浒山街道,2007003,富丽湾景苑,慈溪市住宅经营有限责任公司,433,431
慈溪市,浒山街道,2007002,慈溪新城大道B-3街区,慈溪新城房地产发展有限公司,220,220
慈溪市,坎墩街道,2007001,浅水湾住宅小区,慈溪市城市发展有限公司,141,134
慈溪市,庵东镇,2006014,海景花苑,慈溪庵东镇房地产开发公司,315,315
慈溪市,崇寿镇,2006013,瑞和名苑,宁波中城房地产有限公司,174,170
慈溪市,浒山街道,2006012,丽晶大厦,慈溪市三北房地产开发有限公司,339,339
慈溪市,浒山街道,2006010,雅格公寓,宁波香格房地产开发有限公司,84,84
慈溪市,崇寿镇,2006009,崇寿2#地块商住楼,宁波中城房地产有限公司,277,267
慈溪市,掌起镇,2006008,掌尚名筑二期,慈溪宁盛置业有限公司,197,197
慈溪市,浒山街道,2006011,古塘秋月,慈溪市环驰房地产开发有限公司,143,143
慈溪市,崇寿镇,2006007,崇寿1#A、B地块商住楼,慈溪市鑫盛房地产开发有限公司,167,165
慈溪市,浒山街道,2006002,天和家园,慈溪市住房发展投资有限公司,775,501
慈溪市,浒山街道,2006006,慈溪中央大厦,慈溪维科置业有限公司,1169,1169
慈溪市,龙山镇,2005011,慈都花园,宁波华荣房地产开发有限公司,53,53
慈溪市,浒山街道,2006005,孙塘南路（南段）362-392号前应路1274弄2-8号前应路1276-1332号商业服务用房,慈溪市泰兴房地产有限公司,223,147
慈溪市,桥头镇,2006003,中欣铭苑二期,慈溪中星房地产开发有限公司,155,155
慈溪市,桥头镇,2006004,桥头镇吴山南路795-875#（单号）,慈溪市飞强房地产开发有限公司,98,80
慈溪市,庵东镇,2005002,振东住宅楼（庵宗公路131-194#）,慈溪庵东镇房地产开发公司,25,25
慈溪市,庵东镇,2005014,虹桥商厦,慈溪市新时代房地产开发有限公司,41,41
慈溪市,掌起镇,2005013,掌尚名筑一期,慈溪宁盛置业有限公司,319,319
慈溪市,浒山街道,2005003,孙塘南路（南段）260-306号,慈溪市泰兴房地产有限公司,21,21
慈溪市,浒山街道,2005012,香格大厦,宁波香格房地产开发有限公司,273,272
慈溪市,浒山街道,2005010,前应路1206-1272号,慈溪金北置业有限公司,153,152
慈溪市,胜山镇,2005009,胜地名苑A区,慈溪中星房地产开发有限公司,385,382
慈溪市,浒山街道,2004016,万江华庭,慈溪市环驰房地产开发有限公司,715,452
慈溪市,浒山街道,2005007,名人大厦,慈溪市金鹰房地产开发有限公司,726,725
慈溪市,观海卫镇,2005006,海纳名苑,慈溪中星房地产开发有限公司,97,97
慈溪市,观海卫镇,2005005,卫山景苑,慈溪中星房地产开发有限公司,667,655
慈溪市,浒山街道,2004026,东方明珠城,宁波东方建设开发有限公司,1635,1534
慈溪市,浒山街道,2004031,孙塘南路南段240-254号,慈溪市新时代房地产开发有限公司,4,4
慈溪市,浒山街道,2004030,隆兴家园东区,慈溪市住宅经营有限责任公司,170,170
慈溪市,宗汉街道,2004029,美墅小区,宁波香溢房地产有限公司,307,265
慈溪市,匡堰镇,2003027,富豪家园,慈溪市环驰房地产开发有限公司,59,59
慈溪市,浒山街道,2004023,玲珑小区,慈溪中诚房地产开发有限公司,309,306
慈溪市,宗汉街道,2003015,天琴大厦,宁波市甬佳房地产开发有限公司,71,69
慈溪市,浒山街道,2004034,实验公寓(二期),慈溪城关房地产开发有限公司,389,338
慈溪市,浒山街道,2004027,世纪花园(二期),慈溪城关房地产开发有限公司,30,30
慈溪市,浒山街道,2004015,孙塘南路南段316-358#,慈溪市中天房地产有限公司,12,9
慈溪市,浒山街道,2004024,缔景湾,慈溪维科置业有限公司,503,499
慈溪市,浒山街道,2004009,望江苑,慈溪维科置业有限公司,356,347
慈溪市,观海卫镇,2004011,浙东模具市场,观海卫镇房地产开发公司,127,127
慈溪市,观海卫镇,2003019,古师公路口南侧商住楼,慈溪市观海卫镇房地产开发公司,6,6
慈溪市,观海卫镇,2004012,大池头商贸楼,观海卫镇房地产开发公司,5,5
慈溪市,桥头镇,2004028,中欣铭苑,慈溪中星房地产开发有限公司,100,100
慈溪市,浒山街道,2003030,吉祥新村63-69#,慈溪市杭州湾房地产开发有限公司,174,170
慈溪市,浒山街道,2003017,城市星光苑,宁波市甬佳房地产开发有限公司,500,500
慈溪市,浒山街道,2005004,东瑞大厦,浙江东瑞置业有限公司,379,377
慈溪市,周巷镇,2005001,泰和名苑,余姚市大和房地产开发有限公司,75,75
慈溪市,浒山街道,2003016,金旦花园,慈溪市泰兴房地产有限公司,481,458
慈溪市,浒山街道,2004042,三北名都,宁波宁盛置业有限公司慈溪分公司,558,527
慈溪市,浒山街道,2004013,高丰家园,慈溪市大通房地产开发有限公司,396,354
慈溪市,浒山街道,2003001,丹东苑住宅小区,慈溪市供销社房地产开发公司,32,31
慈溪市,庵东镇,2004003,众安家园,慈溪市中安房地产开发有限公司,168,151
慈溪市,长河镇,2004021,春江丽景小区,宁波惠康房地产开发有限公司,408,381
慈溪市,观海卫镇,2004020,海卫家园,慈溪市二轻房地产开发有限公司,390,390
慈溪市,胜山镇,2004018,胜山大楼,宁波杭州湾置业有限公司,41,33
慈溪市,坎墩街道,2003023,清水湾小区一期,慈溪市城市发展有限公司,351,351
慈溪市,坎墩街道,2004014,清水湾小区二期,慈溪市城市发展有限公司,94,94
慈溪市,逍林镇,2003022,越溪梅园,慈溪市飞龙房地产开发有限公司,371,353
慈溪市,浒山街道,2004022,虞波西园综合楼,慈溪市房屋建设开发有限公司,50,27
慈溪市,浒山街道,2004032,天九街,慈溪金北置业有限公司,32,32
慈溪市,观海卫镇,2004041,南央路75-1弄,慈溪市永和房地产开发有限公司,92,92
慈溪市,浒山街道,2004025,古塘金苑,宁波丰润置业有限公司,307,271
慈溪市,浒山街道,2004036,新天地休闲购物中心,慈溪维科置业有限公司,101,101
慈溪市,浒山街道,2004037,金黄商厦,慈溪维科置业有限公司,64,64
慈溪市,新浦镇,2004033,名门庄园,慈溪市华特奇房地产开发有限公司,448,448
